id,source_id,source_variant_id,source,name,active,handle
02dcd191-ae62-11e6-f485-4cbc3d3eadcb,,,USER,Djeco paper toys asst,true,DJEKOPAPERTOYS
02dcd191-ae62-11e6-f485-4cbc3d8791d1,,,USER,Djeco Puzzle Castle/Owl,true,DJECOPUZCASTLE
02dcd191-ae62-11e6-f485-4cbc3d99b602,,,USER,Djeco Puzzle Dogs,true,DJECOPUZDOGS
02dcd191-ae62-11e6-f485-4cbc3dac596c,,,USER,Djeco Puzzle Friends,true,DJECOPUZFRIENDS
02dcd191-ae62-11e6-f485-4cbc3dbe12a9,,,USER,Djeco Puzzle In The Forest,true,DJECOPUZZLEINTH
02dcd191-ae62-11e6-f485-4cbc3dd038ae,,,USER,Djeco Puzzle Princess&frog,true,DJECOPUZPRINCES
02dcd191-ae62-11e6-f485-4cbc3de46d18,,,USER,Djeco Primo Puzzle,true,DJECOPUZZLERABB
02dcd191-ae62-11e7-f130-87ea0cc0ce3f,,,USER,Djeco Primo Puzzle,true,DJECOPUZZLERABB
02dcd191-ae62-11e7-f130-87ea108ae8b4,,,USER,Djeco Primo Puzzle,true,DJECOPUZZLERABB
02dcd191-ae62-11e8-ed44-6e49cf06518b,,,USER,Djeco Primo Puzzle,true,DJECOPUZZLERABB
02dcd191-ae62-11e6-f485-4cbc3df71cb8,,,USER,Djeco scouic & co,true,DJECOSCOUIC
02dcd191-ae62-11e6-f485-4cbc3e0a6813,,,USER,Djeco shelf unit items asst,true,DJECOSHELFUNI
02dcd191-ae62-11e6-f485-4cbc3e1c728f,,,USER,Djeco Wall Mounted Musical Box,true,DJECOWMMUSICAL
02dcd191-ae62-11e6-f485-4cbc3ee2a7f6,,,USER,Do It Yourself Crown/Bear/Dog,true,TOYDOITYOIUR
02dcd191-ae62-11e6-f485-4cbc3ef7733e,,,USER,dog tail hook ass.,true,HKDOGTLASS
02dcd191-ae62-11e6-f485-4cbc3f1ffcdd,,,USER,Doll Knitted Crocodile,true,TOYDOLLCROCODIL
02dcd191-ae62-11e6-f485-4cbc3f360ca9,,,USER,Doll Mini Mouse Girl,true,TOYDOLLMINIMOUS
02dcd191-ae62-11e6-f485-4cbc3f491da2,,,USER,Doll Mouse Pipa,true,TOYDOLLMOUSEPIP
02dcd191-ae62-11e6-f485-4cbc3f5bbf38,,,USER,Donkey Breezy Sun Canopy,true,BUDBREEZYSUNC
02dcd191-ae62-11e6-f485-4cbc3f9cc236,,,USER,Bugaboo Donkey Bassinet Base Box 5,true,BUDCARRYBL5
02dcd191-ae62-11e6-f485-4cbc3faeb5cd,,,USER,Donkey Carrycot Base Sand,true,BUDCARRYSA5
02dcd191-ae62-11e6-f485-4cbc3fd33961,,,USER,Bugaboo Donkey Duo Alu Ext. Set Black Fabric Box 3,true,BUDDUOEXTSETBL3
02dcd191-ae62-11e7-edd8-0419c2af52dc,,,USER,Bugaboo Donkey Duo Alu Ext. Set Black Fabric Box 3,true,BUDDUOEXTSETBL3
02dcd191-ae62-11e6-f485-4cbc3fe67a16,,,USER,Donkey Fabric set Andy Warhol,true,BUDFABRICAWARHO
02dcd191-ae62-11e6-f485-4cbc40b39df7,,,USER,Donkey Sun Canopy Sand,true,BUDSUNCSAND4
02dcd191-ae62-11e6-f485-4cbc40c572c5,,,USER,Donkey Wheeled Board Adapter,true,BUDWHEELLBOARDA
02dcd191-ae62-11e6-f485-4cbc41103445,,,USER,Doona Essential Bag,true,DOONAESSENTIALB
02dcd191-ae62-11e6-f485-4cbc4122d89b,10208697874,39915948626,SHOPIFY,Doona Isofix Base,true,DOONAISOFIXBASE
02dcd191-ae62-11e6-f485-4cbc4137aebd,10248901266,40202852306,SHOPIFY,Doona Rain Cover,true,DOONARAINCOVER
02dcd191-ae62-11e6-f485-4cbc414a3eed,,,USER,Doona Snap On Storage,true,DOONASNAPONSTOR
02dcd191-ae62-11e6-f485-4cbc415c2d59,,,USER,Doona Sunshade Extension,true,DOONASUNSHADEEX
02dcd191-ae62-11e6-f485-4cbc416e1791,,,USER,Doona Travel Bag,true,DOONATRAVELBAG
02dcd191-ae62-11e6-f485-4cbc417fc964,,,USER,Doona Wheel Covers - Black,true,DOONAWHEELCOVER
02dcd191-ae62-11e6-f485-4cbc41922b3f,,,USER,door hanger text,true,HADOORTEXT
02dcd191-ae62-11e6-f485-4cbc41a3e02e,,,USER,door knob beetle/apple/scooter,true,DOORKNOB
02dcd191-ae62-11e6-f485-4cbc41b6ef8d,,,USER,door message,true,DOORMESS
02dcd191-ae62-11e6-f485-4cbc41cb33d7,,,USER,Doorknob Clock,true,DOORKNOBCL
02dcd191-ae62-11e6-f485-4cbc41e02855,,,USER,Doorstopper Owl,true,TOYDOOROWL
02dcd191-ae62-11e6-f485-4cbc41f2e449,,,USER,double fleece 110/140,true,BLFLELARGE
02dcd191-ae62-11e6-f485-4cbc423f7129,10309407634,40672632146,SHOPIFY,Drawers 2 For Jade Bed,true,FJADEDRAWER
02dcd191-ae62-11e6-f485-4cbc42535719,,,USER,Dream Catcher hearts grey whit,true,WDDREAMCATCH
02dcd191-ae62-11e6-f485-4cbc4266f2bd,,,USER,Dream Tubes Inner Tube,true,dreamtubeinnertube
02dcd191-ae62-11e6-f485-4cbc42cb7cce,,,USER,Dribblie Bib Set of 3,true,BIBBANDANA
02dcd191-ae62-11e6-f485-4cbc42e10b8a,,,USER,Driftwood kitbag 30x50,true,BAGDRIFTWK
02dcd191-ae62-11e6-f485-4cbc4347ef4d,,,USER,Dublin Toybox,true,FDUBLINTOYBOX
02dcd191-ae62-11e6-f485-4cbc435aea8f,,,USER,Bam Bam Duck Tuttle,true,TOYCGREY
0a4735cc-4962-11e8-fc9e-01d8cf840afa,,,USER,Bam Bam Duck Tuttle,true,TOYCGREY
0a4735cc-4962-11e8-fc9e-01d8d3b587b6,,,USER,Bam Bam Duck Tuttle,true,TOYCGREY
0a4735cc-4962-11e8-fc9e-01d8d8189c5b,,,USER,Bam Bam Duck Tuttle,true,TOYCGREY
02dcd191-ae62-11e6-f485-4cbc436d8f04,,,USER,duck rubber bleu,true,TOYDUCKBL
02dcd191-ae62-11e6-f485-4cbc438547e3,,,USER,duck rubber pink,true,TOYDUCKPI
02dcd191-ae62-11e6-f485-4cbc439c9c94,,,USER,Duck White Rattle,true,TOYDUCKWHITE
02dcd191-ae62-11e6-f485-4cbc43aeb166,,,USER,Dummy Clip Pastel,true,DUMMYCLIPPASTEL
02dcd191-ae62-11e6-f485-4cbc43c041c4,,,USER,dummy cloth blue,true,DUMYCLBL
02dcd191-ae62-11e6-f485-4cbc43d3f656,,,USER,dummy cloth light blue,true,DUMCLLBLU
02dcd191-ae62-11e6-f485-4cbc43e6922f,,,USER,dummy holder fish,true,DUMFISH
02dcd191-ae62-11e6-f485-4cbc43fd5818,,,USER,Dummy Holder houses,true,DUMMYHOLDERHOU
02dcd191-ae62-11e6-f485-4cbc441235cf,,,USER,dummy holder monkey,true,DUMMONKY
02dcd191-ae62-11e6-f485-4cbc44249921,,,USER,dummy holder mouse,true,DUMMOUSE
02dcd191-ae62-11e6-f485-4cbc44370f55,,,USER,Dummy Holder Pirat/Fairy wood,true,DUMMYHOLDERWOOD
02dcd191-ae62-11e6-f485-4cbc445a5762,,,USER,dummy holder rocket,true,DUMROCK
02dcd191-ae62-11e6-f485-4cbc446d119d,,,USER,Dustbin Silver,true,SBDUSTBINSIL
02dcd191-ae62-11e6-f485-4cbc447eff99,,,USER,Duver Cover Dollhouse Si,true,DUVCOVDOLLHSI
02dcd191-ae62-11e6-f485-4cbc44911979,,,USER,Duvet cover Flamingo,true,DUVFLAMEN
02dcd191-ae62-11e6-f485-4cbc44a376dc,,,USER,Duvet Cover Zamora 3/4,true,DUVCOVZAMORA
02dcd191-ae62-11e6-f485-4cbc44b66764,,,USER,duvet barnslig,true,DUVBARNSLIG
02dcd191-ae62-11e6-f485-4cbc44c8e026,,,USER,Duvet Boho Single,true,DUVBOHOSI
02dcd191-ae62-11e6-f485-4cbc44dbcae0,,,USER,Duvet Clayre&Eef Single,true,DUVCLAYREEEF
02dcd191-ae62-11e6-f485-4cbc4524f9da,10363053458,41418753042,SHOPIFY,Duvet Cover Set Dot Jersey,true,DUVCOVERDOT
02dcd191-ae62-11e6-f485-4cbc455b0115,,,USER,duvet cover check dark pink,true,DUCOVDPI
02dcd191-ae62-11e6-f485-4cbc457f75a7,,,USER,Duvet Cover Cotton L/Grey 3/4,true,DUVCOVCOTTONLIG
02dcd191-ae62-11e6-f485-4cbc45a30e8b,,,USER,Duvet Cover Deep sea 3/4,true,DUVCOVDPSEA34
02dcd191-ae62-11e6-f485-4cbc45b500d8,,,USER,Duvet Cover Egyptian Cotton,true,NIKINUDUVERCOVE
02dcd191-ae62-11e6-f485-4cbc461519a1,,,USER,Duvet Cover Larsen Blk/wht 3/4,true,DUVCOVLARSEN
02dcd191-ae62-11e6-f485-4cbc4661730a,,,USER,Duvet Cover Lou Lou 3/4,true,DUVCOVLOU34
02dcd191-ae62-11e6-f485-4cbc46759a90,,,USER,Duvet Cover Lou Lou si,true,DUVCOVLOUSI
02dcd191-ae62-11e6-f485-4cbc46b171db,,,USER,Duvet Cover Margot Peach 3/4,true,DUVCOVMARGOTPEA
02dcd191-ae62-11e6-f485-4cbc47183888,,,USER,duvet cover oxford plain white,true,DUVOXFORD
02dcd191-ae62-11e6-f485-4cbc472c6644,,,USER,Duvet Cover Oxford White 3/4,true,DUVOXFORDWHITE
02dcd191-ae62-11e6-f485-4cbc477740be,,,USER,Duvet cover Retro Dino 3/4,true,DUVRETRODINO34
02dcd191-ae62-11e6-f485-4cbc4787ea7d,,,USER,Duvet Cover Retro Dino Si,true,DUVRETRODINOSI
02dcd191-ae62-11e6-f485-4cbc47bce518,,,USER,Duvet cover set All Aboard 3/4,true,DUVCOVALLABOARD
02dcd191-ae62-11e6-f485-4cbc47cebafb,,,USER,Duvet cover set Angora Queen,true,DUVEXPANGORAK
02dcd191-ae62-11e6-f485-4cbc47dfb95d,,,USER,Duvet cover set Anja 3/4,true,DUVCOVANJA34
02dcd191-ae62-11e6-f485-4cbc47f11ee2,,,USER,Duvet Cover Set Arlo 3/4,true,DUVARLO
02dcd191-ae62-11e6-f485-4cbc48384377,,,USER,Duvet Cover Set Boho 3/4,true,DUVBOHO34
02dcd191-ae62-11e6-f485-4cbc4849bedc,,,USER,Duvet Cover Set Braxton 3/4,true,DUVBRAXTON
02dcd191-ae62-11e6-f485-4cbc485b54e6,,,USER,Duvet Cover set C&E Multi UK,true,DUVCOVMULTIUK
02dcd191-ae62-11e6-f485-4cbc486d54ae,,,USER,Duvet Cover set Carlyle,true,DUVCOVCARLYLE
02dcd191-ae62-11e6-f485-4cbc487fce6a,,,USER,duvet cover set cot barnslig,true,DUVCOTBARNS
02dcd191-ae62-11e6-f485-4cbc48a2dadd,,,USER,Duvet Cover set Doll House 3/4,true,DUVCOVDOLLHO34
02dcd191-ae62-11e6-f485-4cbc48ea82ba,,,USER,Duvet Cover Set High Tide 3/4,true,DUVHIGHTIDE
02dcd191-ae62-11e6-f485-4cbc48fed440,,,USER,Duvet Cover set Lydmar 3/4,true,DUVCOVLYDMAR
02dcd191-ae62-11e6-f485-4cbc4935f3d1,,,USER,Duvet Cover set Mermaids Si,true,DUVMERMAIDSSI
02dcd191-ae62-11e6-f485-4cbc49480cf2,,,USER,Duvet Cover set Ritz 3/4,true,DUVCOVRITZ
02dcd191-ae62-11e6-f485-4cbc495a26d8,,,USER,Duvet Cover set Road Trip 3/4,true,DUVROADTRIP34
02dcd191-ae62-11e6-f485-4cbc496c8afd,,,USER,Duvet Cover set Road Trip Si,true,DUVROADTRIPSI
02dcd191-ae62-11e6-f485-4cbc497e953d,,,USER,Duvet Cover set Rodeo Single,true,DUVRODEOSI
02dcd191-ae62-11e6-f485-4cbc49927ead,,,USER,Duvet Cover set Safari,true,DUVCOVSAFARI
02dcd191-ae62-11e6-f485-4cbc49a5033f,,,USER,Duvet Cover set Stars & Stripe,true,DUVCOVSTARSTRIP
02dcd191-ae62-11e6-f485-4cbc49b77ba6,,,USER,Duvet cover set Sunflower 3/4,true,DUVSUNFLWGARDEN
02dcd191-ae62-11e6-f485-4cbc49c98fa1,,,USER,Duvet cover set Tickety 3/4,true,DUVTICKETY34
02dcd191-ae62-11e6-f485-4cbc49dbcc5b,,,USER,Duvet Cover Set Tickety Boo S,true,DUVTICKETYS
02dcd191-ae62-11e6-f485-4cbc49ee1c0e,,,USER,Duvet cover set Tickety Boo Si,true,DUVTICKETYSI
02dcd191-ae62-11e6-f485-4cbc4a00cbe0,,,USER,Duvet Cover setABC friends 3/4,true,DUVABCABCFRIE3
02dcd191-ae62-11e6-f485-4cbc4a151c0e,,,USER,Duvet cover Showtime 3/4,true,DUVCOVSHOWTIME
02dcd191-ae62-11e6-f485-4cbc4a289f78,,,USER,Duvet Cover Tahoma Ivory 3/4,true,DUVCOVTAHOMAIVO
02dcd191-ae62-11e6-f485-4cbc4a3be7f4,,,USER,Duvet Cover Thumbelina 3/4,true,DUVCOVTHUM34
02dcd191-ae62-11e6-f485-4cbc4a5137cb,,,USER,Duvet Cover Thumbelina Si,true,DUVCOVTHUMB
02dcd191-ae62-11e6-f485-4cbc4a65d1c3,,,USER,Duvet Cover Triplicity Grey3/4,true,DUVCOVTRIPLICIT
02dcd191-ae62-11e6-f485-4cbc4a7bc96b,,,USER,Duvet Cover Under Constr dbl,true,DUVCOVUNDCONDBL
02dcd191-ae62-11e6-f485-4cbc4a90cdc0,,,USER,Duvet Cover Under Construc 3/4,true,DUVCOVUNDCON34
02dcd191-ae62-11e6-f485-4cbc4aa4f505,,,USER,Duvet Cover Under Construction,true,DUVCOVUNDCONSTR
02dcd191-ae62-11e6-f485-4cbc4ac605cb,,,USER,Duvet cover with baby pillow,true,DUVDIAMONDPRINT
02dcd191-ae62-11e6-f485-4cbc4bd7deef,,,USER,Duvet Holiday Stripe Si,true,DUHOLIPI
02dcd191-ae62-11e6-f485-4cbc4be9f803,,,USER,Duvet I am Super,true,DUVSUPER34
02dcd191-ae62-11e6-f485-4cbc4bfb7b77,,,USER,Duvet I'm Super Si,true,DUVSUPER
02dcd191-ae62-11e6-f485-4cbc4c1f83b9,,,USER,Duvet Inner 80 X 120,true,DUVINNER80X120
02dcd191-ae62-11e6-f485-4cbc4c321693,,,USER,Duvet Inner Cot,true,DUVETINNC
02dcd191-ae62-11e6-f485-4cbc4c454698,,,USER,Duvet Inner Cot Size 70 X 100,true,DUVINNERALT
02dcd191-ae62-11e6-f485-4cbc4c567962,9912762642,37962874962,SHOPIFY,Duvet & cushion inner for Stokke Bed,true,STOKDUVINNER
02dcd191-ae62-11e6-f485-4cbc4c67b050,,,USER,Duvet Jinx Busy Road 3/4,true,DUVJINXBUSY
02dcd191-ae62-11e6-f485-4cbc4c794e2e,,,USER,Duvet Jinx Busy Road Si,true,DUVJINXBUSYROAD
02dcd191-ae62-11e6-f485-4cbc4c8ad3f2,,,USER,Duvet Jinx Fairy 3/4,true,DUVJINXFAIRY34
02dcd191-ae62-11e6-f485-4cbc4c9c1a11,,,USER,Duvet Jinx Fairy Si,true,DUVJINXFAIRY
02dcd191-ae62-11e6-f485-4cbc4cad9c58,,,USER,duvet lucky boy,true,DUVLUCKBOY
02dcd191-ae62-11e6-f485-4cbc4cc033d9,,,USER,Duvet Lucy,true,DUVLUCY
02dcd191-ae62-11e6-f485-4cbc4cd1dc72,,,USER,Duvet Luellas Si,true,DUVLUELLAS
02dcd191-ae62-11e6-f485-4cbc4ce2ffed,,,USER,Duvet Owl Bosco/Bellis,true,DUVOWL
02dcd191-ae62-11e6-f485-4cbc4cf4e631,,,USER,Duvet Piece of Cake,true,DUVPIECEOFCAKE
02dcd191-ae62-11e6-f485-4cbc4d06abc6,,,USER,Duvet Quilt Cover Clayre and E,true,DUVQUILTCOVERCE
02dcd191-ae62-11e6-f485-4cbc4d189690,,,USER,Duvet sanejo 3/4,true,DUVSANEJO34
02dcd191-ae62-11e6-f485-4cbc4d2a7c85,,,USER,Duvet Sanejo Single,true,DUVSANEJOSING
02dcd191-ae62-11e6-f485-4cbc4d3ec637,,,USER,Duvet set Angora Expedition,true,DUVEXPANGORA34
02dcd191-ae62-11e6-f485-4cbc4dbec150,,,USER,Duvet set Fleur Coral 3/4,true,DUVFLEURCORA34
02dcd191-ae62-11e6-f485-4cbc4e385d50,,,USER,Duvet Set Hjartevan,true,DUVHJARTEVAN
02dcd191-ae62-11e6-f485-4cbc4ec0dd2d,,,USER,Duvet Set Oilily 'Kiss Frog',true,DUVOILILYFROG
02dcd191-ae62-11e6-f485-4cbc4ed2508b,,,USER,Duvet Set Oilily 140x200,true,DUVOILILY
02dcd191-ae62-11e6-f485-4cbc4ee3f438,,,USER,Duvet set Pixie Patch 3/4,true,DUVPIXIEPATC34
02dcd191-ae62-11e6-f485-4cbc4ef570a2,,,USER,Duvet set Pixie Patch Single,true,DUVPIXIEPATCHSI
02dcd191-ae62-11e6-f485-4cbc4f073fc5,2415345467452_unpub,21674741071932_unpub,USER,Duvet Set Poppiseed Collection,true,DUVSETPOPPI34
08a086a9-8c38-0f03-95c5-6030cb640e40,2415345467452_unpub,21674741170236_unpub,USER,Duvet Set Poppiseed Collection,true,DUVSETPOPPI34
1739dd49-c8e4-ba0e-94fe-efa77eec865a,2415345467452_unpub,21674741530684_unpub,USER,Duvet Set Poppiseed Collection,true,DUVSETPOPPI34
392860b9-17fb-19ac-9a03-7185a6afd97d,2415345467452_unpub,21674741137468_unpub,USER,Duvet Set Poppiseed Collection,true,DUVSETPOPPI34
4008b5b7-2c4a-18ae-a616-440e5c9d5c7f,2415345467452_unpub,21674741235772_unpub,USER,Duvet Set Poppiseed Collection,true,DUVSETPOPPI34
5ed9a004-32fa-b962-75ba-eecc8a2e282e,2415345467452_unpub,21674741465148_unpub,USER,Duvet Set Poppiseed Collection,true,DUVSETPOPPI34
6b3bf8f7-6b45-ec64-81ba-8bce3678819f,2415345467452_unpub,21674741334076_unpub,USER,Duvet Set Poppiseed Collection,true,DUVSETPOPPI34
6dd97177-7c91-80df-31d8-6474bb373db6,2415345467452_unpub,21674741366844_unpub,USER,Duvet Set Poppiseed Collection,true,DUVSETPOPPI34
7bdb76ba-e9ec-1824-3120-9205fa4d7990,2415345467452_unpub,,USER,Duvet Set Poppiseed Collection,true,DUVSETPOPPI34
9e563c6b-3537-5bc1-ed37-49ec92d72716,2415345467452_unpub,21674741203004_unpub,USER,Duvet Set Poppiseed Collection,true,DUVSETPOPPI34
a6d8f991-eba3-65d1-18ea-48c207c3193c,2415345467452_unpub,21674741104700_unpub,USER,Duvet Set Poppiseed Collection,true,DUVSETPOPPI34
acf86da1-3680-4c25-cbd7-ac81765a2ca7,2415345467452_unpub,,USER,Duvet Set Poppiseed Collection,true,DUVSETPOPPI34
b0c74540-3382-85e6-ad94-615dc307552e,2415345467452_unpub,,USER,Duvet Set Poppiseed Collection,true,DUVSETPOPPI34
b6786464-60d9-498e-9e16-c7407b8d1a81,2415345467452_unpub,21674741301308_unpub,USER,Duvet Set Poppiseed Collection,true,DUVSETPOPPI34
c94a06fc-17e3-c6f5-be77-267ab70db6ec,2415345467452_unpub,21674774888508_unpub,USER,Duvet Set Poppiseed Collection,true,DUVSETPOPPI34
dae52fa1-6245-c0d0-c3b5-5ce84c22d52a,2415345467452_unpub,,USER,Duvet Set Poppiseed Collection,true,DUVSETPOPPI34
dce9677b-076d-4387-e7eb-b8b9673a48f1,2415345467452_unpub,21674741497916_unpub,USER,Duvet Set Poppiseed Collection,true,DUVSETPOPPI34
dd1d0ec4-a146-cd25-9c74-6e95b6052997,2415345467452_unpub,21674774986812_unpub,USER,Duvet Set Poppiseed Collection,true,DUVSETPOPPI34
e032567c-d877-b2e1-2032-3f86f2f2facc,2415345467452_unpub,21674741268540_unpub,USER,Duvet Set Poppiseed Collection,true,DUVSETPOPPI34
e3accc40-5eaf-3241-90e1-b21dbbdc6c3f,2415345467452_unpub,21674741399612_unpub,USER,Duvet Set Poppiseed Collection,true,DUVSETPOPPI34
02dcd191-ae62-11e6-f485-4cbc4f2d4ce3,,,USER,Duvet Set Rescue Me Si,true,DUVRESUEMESI
02dcd191-ae62-11e6-f485-4cbc4f41491d,,,USER,Duvet Set Route De Paris 3/4,true,DUVROUTEDEPARIS
02dcd191-ae62-11e6-f485-4cbc4f536fb6,,,USER,Duvet set San Francisco 3/4,true,DUVSANFRANCISCO
02dcd191-ae62-11e6-f485-4cbc4f64e573,,,USER,Duvet Set Single Lilly,true,DUVSETSINLILLY
02dcd191-ae62-11e6-f485-4cbc4f88f8e4,,,USER,Duvet Set Tree Tops,true,DUVTREETOPS
02dcd191-ae62-11e6-f485-4cbc4fadb0cd,,,USER,Duvet Sherif,true,DUVSHERIF
02dcd191-ae62-11e6-f485-4cbc4fd0e16d,,,USER,duvetcover set cot fabler,true,DUVCOTFABL
02dcd191-ae62-11e6-f485-4cbc4fe23948,,,USER,Easy Walker Adapters,true,EASYWALADA
02dcd191-ae62-11e6-f485-4cbc5016b382,,,USER,Easywalker Mini Union Jack,true,EASYWALKERMINIU
02dcd191-ae62-11e6-f485-4cbc50284530,,,USER,Easywalker Sky,true,EASYWALKERSKY
02dcd191-ae62-11e6-f485-4cbc505d9a17,,,USER,Elizabeth Tan Bag,true,BABYFIRSTELIZAB
02dcd191-ae62-11e6-f485-4cbc50936bf0,,,USER,Explore hanging storage basket,true,SBEXPLOREHANING
02dcd191-ae62-11e6-f485-4cbc50a54c95,,,USER,F Shelf Star,true,FSHELFSTAR
02dcd191-ae62-11e6-f485-4cbc50b6d245,,,USER,"F SHELF WHITE 5,5 X 80 X9",true,FSHELFWHITE
02dcd191-ae62-11e6-f485-4cbc50da4390,,,USER,Fabric Bear,true,TOYFABRICBEAR
02dcd191-ae62-11e6-f485-4cbc50ec0584,,,USER,fabric letters boy/girl/baby,true,WDFABLETT
02dcd191-ae62-11e6-f485-4cbc50fdb23f,,,USER,Fabric on roll per meter,true,FABRICGREYDOT
02dcd191-ae62-11e6-f485-4cbc5110760e,,,USER,Fabric pink white dot,true,FABRICONROLL
02dcd191-ae62-11e6-f485-4cbc512252a0,,,USER,Fabric Tafel Zeil 1 meter,true,FABRICTAFELZEIL
02dcd191-ae62-11e6-f485-4cbc5133e075,,,USER,Fairy Quilt,true,DUVQUFAIRY
02dcd191-ae62-11e6-f485-4cbc5145c8ae,,,USER,Fairy quilt,true,DUVQUILFAIR
02dcd191-ae62-11e6-f485-4cbc51587bd8,,,USER,fairy receiving towel,true,TOWELFAIRY
02dcd191-ae62-11e6-f485-4cbc516ac887,,,USER,Fat Sak / Flip Sak,true,FFATSAKFLIP
02dcd191-ae62-11e6-f485-4cbc517ceb6c,10090478418,39120554066,SHOPIFY,Fatsak Medium,true,FFATSAKM
02dcd191-ae62-11e7-f130-75d566c1bac9,10090478418,39905391634,SHOPIFY,Fatsak Medium,true,FFATSAKM
02dcd191-ae62-11e7-f130-75d57298bd3b,10090478418,39905400978,SHOPIFY,Fatsak Medium,true,FFATSAKM
02dcd191-ae62-11e7-f130-75d5788b1ffa,10090478418,39905412562,SHOPIFY,Fatsak Medium,true,FFATSAKM
02dcd191-ae62-11e7-f130-75d587e4595a,10090478418,39905430034,SHOPIFY,Fatsak Medium,true,FFATSAKM
02dcd191-ae62-11e7-f130-75d590d3358a,10090478418,39905441042,SHOPIFY,Fatsak Medium,true,FFATSAKM
02dcd191-ae62-11e7-f130-75d59c4ebdcc,10090478418,39905456658,SHOPIFY,Fatsak Medium,true,FFATSAKM
02dcd191-ae62-11e8-ed44-188927158639,10090478418,6851935240252,SHOPIFY,Fatsak Medium,true,FFATSAKM
937dd335-24f2-8ebf-bd4d-e7bbedb96eb2,10090478418,30102446112828,SHOPIFY,Fatsak Medium,true,FFATSAKM
02dcd191-ae62-11e6-f485-4cbc519236bf,,,USER,FatSak Pup,true,FFATSAKPUP
02dcd191-ae62-11e6-f485-4cbc51a53ead,10208296594,39907672914,SHOPIFY,Fatsak Kidsac XS asorted,true,FFATSAKXS
02dcd191-ae62-11e7-f130-75dcb99a42ce,10208296594,39907672978,SHOPIFY,Fatsak Kidsac XS asorted,true,FFATSAKXS
02dcd191-ae62-11e7-f130-75dcc102e6b5,10208296594,39907673042,SHOPIFY,Fatsak Kidsac XS asorted,true,FFATSAKXS
02dcd191-ae62-11e7-f130-75dcc75ee699,10208296594,39907673106,SHOPIFY,Fatsak Kidsac XS asorted,true,FFATSAKXS
02dcd191-ae62-11e7-f130-75dccf5adb83,10208296594,39907673170,SHOPIFY,Fatsak Kidsac XS asorted,true,FFATSAKXS
02dcd191-ae62-11e7-f130-75dcd3a84ee0,10208296594,39907673234,SHOPIFY,Fatsak Kidsac XS asorted,true,FFATSAKXS
02dcd191-ae62-11e7-f130-75dcdf83833f,10208296594,39907673298,SHOPIFY,Fatsak Kidsac XS asorted,true,FFATSAKXS
02dcd191-ae62-11e7-f130-75dce602dea5,10208296594,39907673362,SHOPIFY,Fatsak Kidsac XS asorted,true,FFATSAKXS
02dcd191-ae62-11e7-f130-75dcea91f572,10208296594,39907673426,SHOPIFY,Fatsak Kidsac XS asorted,true,FFATSAKXS
02dcd191-ae62-11e7-f130-75dcf3e63e27,10208296594,39907673490,SHOPIFY,Fatsak Kidsac XS asorted,true,FFATSAKXS
02dcd191-ae62-11e7-f130-a369ec62a24d,10208296594,45022405970,SHOPIFY,Fatsak Kidsac XS asorted,true,FFATSAKXS
02dcd191-ae62-11e6-f485-4cbc51f62401,,,USER,felt flag girl Tica,true,FELTFLGIRLT
02dcd191-ae62-11e6-f485-4cbc5269e7ab,,,USER,felt hanger assortd,true,HAFELTASS
02dcd191-ae62-11e6-f485-4cbc528e8d76,,,USER,felt hanger prince,true,HAFPRINCE
02dcd191-ae62-11e6-f485-4cbc52c3874c,,,USER,festoon birth bleu,true,WDFLAGSBLEU
02dcd191-ae62-11e6-f485-4cbc52d666a1,,,USER,festoon birth pink,true,WDFLAGPPI
02dcd191-ae62-11e6-f485-4cbc52e81f65,,,USER,festoon flags assorted,true,FESTBABY
02dcd191-ae62-11e6-f485-4cbc52f9699d,,,USER,festoon letters assorted,true,FESTLETASS
02dcd191-ae62-11e6-f485-4cbc530b2ef7,,,USER,festoon multi colour sari,true,FESTMULTI
02dcd191-ae62-11e6-f485-4cbc531dd2de,,,USER,Festoon Paper/Plastic,true,WDBUNTPP
02dcd191-ae62-11e6-f485-4cbc532fce9c,,,USER,festoon with pockets polka pop,true,WALLPOLKA
02dcd191-ae62-11e6-f485-4cbc53416b02,,,USER,fill big bag assorted,true,BAGFILLBIG
02dcd191-ae62-11e6-f485-4cbc53669c2a,,,USER,Fish Clayre & Eef,true,WDFISHCE
02dcd191-ae62-11e6-f485-4cbc5379808c,,,USER,fish wall decoration assorted,true,HANGERFISH
02dcd191-ae62-11e6-f485-4cbc538c2fa4,,,USER,Cloud Nine Mattress Protector 90x200,true,cloudninemattressprotector
02dcd191-ae62-11e6-f485-4cbc539d6d9a,10504856466_unpub,42791775378_unpub,USER,Fitted sheet + Dreamtubes 3/4,true,SHFITDREAMTUBES
02dcd191-ae62-11e6-f485-4cbc53afca24,10504907986_unpub,42792730898_unpub,USER,Fitted sheet + Dreamtubes Single,true,SHFITDREAMTUBS
02dcd191-ae62-11e6-f485-4cbc53c1acab,2365657153596_unpub,21295323643964_unpub,USER,Little Loft Percale Fitted sheet cotbed140 x 70,true,SHFIT140X70
02dcd191-ae62-11e6-f485-4cbc53d3377a,,,USER,Little Loft Fitted Sheet Co-sleeper 50x90,true,SHEETFITTEDCOSL
02dcd191-ae62-11e6-f485-4cbc53e4c7cc,2365652762684_unpub,21295258304572_unpub,USER,Little Loft Percale Fitted Sheet cot 120x60,true,SHEETFITTEDS
02dcd191-ae62-11e6-f485-4cbc5408e429,10505071250,42795641682,SHOPIFY,Fitted sheet Dreamtubes spare Single,true,SHFITDREAMSPARE
02dcd191-ae62-11e6-f485-4cbc541a4f1e,,,USER,Fitted Sheet jersey cot 120x60,true,SHEETFITJERS120
02dcd191-ae62-11e6-f485-4cbc542b4c8c,,,USER,fitted sheet mini crib,true,SHFITCRS
02dcd191-ae62-11e6-f485-4cbc543d61e2,,,USER,fitted sheet Nuna Senna Large,true,SHFITCUSTOM
02dcd191-ae62-11e6-f485-4cbc544ef0fd,,,USER,Fitted Sheet Playpen,true,SHFITPLAYPEN
02dcd191-ae62-11e6-f485-4cbc5460bf6a,10505090194,42795947026,SHOPIFY,Fitted sheet Dreamtubes spare 3/4,true,SHFITDRETUBE34
02dcd191-ae62-11e6-f485-4cbc54735375,174176829458,1592611373074,SHOPIFY,Fitted sheets for Bugaboo Cameleon,true,BUCFITSHEET
02dcd191-ae62-11e8-ed44-0cbc5389f853,174176829458,1592611405842,SHOPIFY,Fitted sheets for Bugaboo Cameleon,true,BUCFITSHEET
02dcd191-ae62-11e8-ed44-0cbc5fedf4ac,174176829458,1592611438610,SHOPIFY,Fitted sheets for Bugaboo Cameleon,true,BUCFITSHEET
02dcd191-ae62-11e6-f485-4cbc54c0be0b,,,USER,Flat Sheet Flower Lace,true,SHFLMIXLACE
02dcd191-ae62-11e6-f485-4cbc54d36780,,,USER,flat sheet patchwork,true,SHFLATPATCH
02dcd191-ae62-11e6-f485-4cbc54f72f63,,,USER,flat sheets ajour,true,SHFLATAJOUR
02dcd191-ae62-11e6-f485-4cbc551ba245,,,USER,Floorcushion assorted,true,FLOORCUSHION
02dcd191-ae62-11e6-f485-4cbc553082fd,,,USER,floral wreaths small,true,WDWREATHS
02dcd191-ae62-11e6-f485-4cbc5543a130,,,USER,flower bag,true,TOYFLOWERBAG
02dcd191-ae62-11e6-f485-4cbc55573706,,,USER,flowercrown,true,FLOWERCROWN
02dcd191-ae62-11e6-f485-4cbc556a3f78,,,USER,foam mattress under bed drw,true,FMATTFOAM
02dcd191-ae62-11e6-f485-4cbc557e319a,108252233746,1037592494098,SHOPIFY,Baby Hand and Footprint Kit,true,TOYFOOTPRINT
02dcd191-ae62-11e8-ed44-5cebd4e058ef,108252233746,32152455053372,SHOPIFY,Baby Hand and Footprint Kit,true,TOYFOOTPRINT
02dcd191-ae62-11e6-f485-4cbc5592e4e0,,,USER,Footmuff Assorted,true,FOOTMUFFASS
02dcd191-ae62-11e6-f485-4cbc55bb9d4e,,,USER,Fox Cat Scatter Pillow,true,FOXCATSCATTER
02dcd191-ae62-11e6-f485-4cbc55d0a25a,,,USER,Fox Critter Mat Ladybug,true,FOXMAT
02dcd191-ae62-11e6-f485-4cbc55f20a6d,,,USER,Fox Doll Ballerina Kokeshi,true,FOXDOLL1
02dcd191-ae62-11e6-f485-4cbc56080548,,,USER,Fox Doll Madiba,true,FOXDOLL
02dcd191-ae62-11e6-f485-4cbc561acda0,,,USER,Fox Duvet Assorted,true,FOXDUVET
02dcd191-ae62-11e6-f485-4cbc562d3a0a,,,USER,Fox Fox Scatter,true,FOXFOXSCATTER
02dcd191-ae62-11e6-f485-4cbc563fae51,,,USER,Fox Ice Cream Scatter,true,FOXICECREAMSCAT
02dcd191-ae62-11e6-f485-4cbc56529c83,,,USER,Fox Scatter Assorted,true,FOXSCATTER
02dcd191-ae62-11e6-f485-4cbc5664e69c,,,USER,Fox Sleepy Bunny Scatter,true,FOXSLEEPYBUNNY
02dcd191-ae62-11e6-f485-4cbc5676aa14,,,USER,Frame 3 Fish,true,WDPHO3FISH
02dcd191-ae62-11e6-f485-4cbc56882223,,,USER,frame alphabeth olunda,true,FRAMEALPHA
02dcd191-ae62-11e6-f485-4cbc569a36c7,,,USER,frame aluminium 13x18,true,FRAMERIBALU
02dcd191-ae62-11e6-f485-4cbc56ac2168,,,USER,Frame Babuschka,true,FRAMBABO
02dcd191-ae62-11e6-f485-4cbc56beae78,,,USER,Frame Baby Scan,true,XSFRAMEBABYSCAN
02dcd191-ae62-11e6-f485-4cbc56d0d64f,,,USER,Frame Bird Hissian,true,FRAMEBIRDHISSIA
02dcd191-ae62-11e6-f485-4cbc56e2f0c3,,,USER,Frame Classic Photo's,true,FRAMEPHOTOS
02dcd191-ae62-11e6-f485-4cbc56f4fa7c,,,USER,Frame Collage Pictures/Houses,true,WDFRAMECOLLAGE
02dcd191-ae62-11e6-f485-4cbc570742db,,,USER,Frame DIY,true,FRAMEDIY
02dcd191-ae62-11e6-f485-4cbc5719f60f,,,USER,Frame Gilli Heart,true,FRAMEGILLIHEART
02dcd191-ae62-11e6-f485-4cbc572c1b85,,,USER,Frame House,true,FRAMEHOUSE
02dcd191-ae62-11e6-f485-4cbc573d9012,,,USER,Frame houses wood,true,FRAMEHOUSES
02dcd191-ae62-11e6-f485-4cbc5750539d,,,USER,Frame MArine,true,FRAMEMARINE
02dcd191-ae62-11e6-f485-4cbc57625c9e,,,USER,Frame Multi Classic,true,FRAMECLASSIC
02dcd191-ae62-11e6-f485-4cbc57740b88,,,USER,Frame Oval Pink,true,FRAMEOVALTICA
02dcd191-ae62-11e6-f485-4cbc5785fd4a,,,USER,frame photo caravan,true,FRWOCARAV
02dcd191-ae62-11e6-f485-4cbc579876f0,,,USER,Frame Photo Collage Wood,true,WDPHOTOCOLLAGE
02dcd191-ae62-11e6-f485-4cbc57a9c377,,,USER,Frame Photo House,true,WDFHOTOFRAMEHOU
02dcd191-ae62-11e6-f485-4cbc57bbff72,,,USER,Frame Photo Star / Hugo,true,WDPHOTOSTARHUG
02dcd191-ae62-11e6-f485-4cbc57cdcfe3,,,USER,Frame Photo Star Small,true,WDPHOTOFRAMESTA
02dcd191-ae62-11e6-f485-4cbc57df7492,,,USER,Frame Photo Star XS,true,WDPHOTOFRAMESTX
02dcd191-ae62-11e6-f485-4cbc57f0e0b9,,,USER,Frame Picture Classic Flower,true,KIDPICFRFL
02dcd191-ae62-11e6-f485-4cbc5802fd3f,,,USER,Frame Pink Paper Butterflies,true,FRAMEBUTFLY
02dcd191-ae62-11e6-f485-4cbc5814b176,,,USER,Frame Ruler Large,true,FRAMERULERL
02dcd191-ae62-11e6-f485-4cbc5828f6ae,,,USER,Frame Ruler Medium,true,FRAMERULERM
02dcd191-ae62-11e6-f485-4cbc583ab629,,,USER,Frame Ruler Small,true,FRAMERULERS
02dcd191-ae62-11e6-f485-4cbc584c894c,,,USER,Frame Silver Frame,true,FRAMESILVERSTA
02dcd191-ae62-11e6-f485-4cbc585e373b,,,USER,Frame Supawood Butterfly,true,WDBUTFLY
02dcd191-ae62-11e6-f485-4cbc58719022,,,USER,Frame Supawood Butterfly's,true,WDBUTTLA
02dcd191-ae62-11e6-f485-4cbc58834575,,,USER,Frame Wild Animals,true,WDFRAMESWA
02dcd191-ae62-11e6-f485-4cbc5894fbd2,,,USER,frame wood hippo,true,FRWOHIPPO
02dcd191-ae62-11e6-f485-4cbc58a7232a,,,USER,Frame Xenos XS,true,XSFRAMEXS
02dcd191-ae62-11e6-f485-4cbc58b9727d,,,USER,Frame XS Large,true,XSFRAMEL
02dcd191-ae62-11e6-f485-4cbc58cb34fc,,,USER,Frame XS Xl,true,XSFRAMEXL
02dcd191-ae62-11e6-f485-4cbc58f14131,,,USER,Frames Imbarro,true,WDFRAMESIM
02dcd191-ae62-11e6-f485-4cbc590483dc,,,USER,Frames set of 3,true,FRAMESET3
02dcd191-ae62-11e6-f485-4cbc5917cd45,,,USER,frames wall hook bird,true,FRAWOHB
02dcd191-ae62-11e6-f485-4cbc59416c60,,,USER,front wheel Fork Buzz 3,true,QUBUZZ3WHEEL
02dcd191-ae62-11e6-f485-4cbc59a1afcb,,,USER,garland it a boy,true,FELTFLBOY
02dcd191-ae62-11e6-f485-4cbc5a821a98,,,USER,general greeting cards L,true,POSTCARDSASS
02dcd191-ae62-11e6-f485-4cbc5a959723,,,USER,Gift Box /14 bleu/pink Appletr,true,SBGIFTBOXAPPLET
02dcd191-ae62-11e6-f485-4cbc5aba3fbc,,,USER,giftbag brush comb,true,GIFTBAGCOMB
02dcd191-ae62-11e6-f485-4cbc5b015187,,,USER,Glass with Heart L,true,GLASSHEARTL
02dcd191-ae62-11e6-f485-4cbc5b12b287,,,USER,Glass with Heart Small,true,GLASSHEARTS
02dcd191-ae62-11e6-f485-4cbc5b24f624,,,USER,glasshanger flowers surprise,true,HAGLASSSUR
02dcd191-ae62-11e6-f485-4cbc5b36a798,,,USER,glitter bead head band,true,HEADBBEAD
02dcd191-ae62-11e6-f485-4cbc5b58fd72,,,USER,Golden Wallet,true,WALLETGOLD
02dcd191-ae62-11e6-f485-4cbc5b6ad943,,,USER,Grace Aerosol Spray,true,GRACEAEROSOL
02dcd191-ae62-11e6-f485-4cbc5b7c9e76,,,USER,Grace Diffuser,true,GRACEDIFFUSER
02dcd191-ae62-11e6-f485-4cbc5b9054b3,,,USER,Grace LG Sachet,true,GRACESACHET
02dcd191-ae62-11e6-f485-4cbc5ba6052a,,,USER,Growth Chart Forest,true,WDGROWTHGAR
02dcd191-ae62-11e6-f485-4cbc5bd0192f,,,USER,Gulliver Cotbed,true,FGULLIVERCOT
02dcd191-ae62-11e6-f485-4cbc5be5919d,,,USER,Hair Assorted,true,HAIRPINS
02dcd191-ae62-11e6-f485-4cbc5bfab625,,,USER,hair band felt figures,true,HAIRBANDFELT
02dcd191-ae62-11e6-f485-4cbc5c0e80a6,,,USER,Hair Band Flower Paula,true,HAIRFLOW
02dcd191-ae62-11e6-f485-4cbc5c210208,,,USER,hair clip glitter animals,true,HAIRGLITTER
02dcd191-ae62-11e6-f485-4cbc5c34bce3,,,USER,hair clip silver/gold star,true,HAIRCLIPSTAR
02dcd191-ae62-11e6-f485-4cbc5c47165c,,,USER,Hair Clips ass. Souza,true,HAIRCLIPSO
02dcd191-ae62-11e6-f485-4cbc5c5af643,,,USER,Hair Clips ass. Souza,true,HAIRELASASS
02dcd191-ae62-11e6-f485-4cbc5c6e67b2,,,USER,HAIR ELASTIC,true,HAIRELASTIC
02dcd191-ae62-11e6-f485-4cbc5c80ba23,,,USER,hairband silver/gold star,true,HAIRBANDSTAR
02dcd191-ae62-11e6-f485-4cbc5c9344ab,,,USER,hairclip bead pink,true,HAIRBEADPI
02dcd191-ae62-11e6-f485-4cbc5ca68c0d,,,USER,hairdecoration butterflies,true,HAIRDECBUT
02dcd191-ae62-11e6-f485-4cbc5cb9d379,,,USER,Handlebar foam replacement set,true,BUBSPHDLBARFOAM
02dcd191-ae62-11e6-f485-4cbc5ccdb478,,,USER,handmade Laundry bracelet,true,JEWLAUBRACE
02dcd191-ae62-11e6-f485-4cbc5ce0ed44,,,USER,Hang Soap,true,HANGSOAP
02dcd191-ae62-11e6-f485-4cbc5cf500f3,,,USER,Hanger Big Silver Heart,true,HANGBIGHEART
02dcd191-ae62-11e6-f485-4cbc5d0a3b75,,,USER,Hanger Bird White metal,true,HANBIRDW
02dcd191-ae62-11e6-f485-4cbc5d2123fc,,,USER,hanger daisy fruit,true,HANGERDAISY
02dcd191-ae62-11e6-f485-4cbc5d4a9cff,,,USER,Hanger Deco Multi Heart,true,HANGERHEART
02dcd191-ae62-11e6-f485-4cbc5d6cc955,,,USER,Hanger Felt 4 meters Ele/Flo,true,HAFELT4METERS
02dcd191-ae62-11e6-f485-4cbc5d94a92b,,,USER,hanger fish metal,true,HANGERFISHMETAL
02dcd191-ae62-11e6-f485-4cbc5da67b4f,,,USER,Hanger Heart,true,HANLAUNDRY
02dcd191-ae62-11e6-f485-4cbc5db8508c,,,USER,Hanger Heart Buttons,true,HANGHEARTBUTTON
02dcd191-ae62-11e6-f485-4cbc5dcc46f0,,,USER,Hanger Heart Dots,true,HANGHEARTDOT
02dcd191-ae62-11e6-f485-4cbc5ddf9a3b,,,USER,Hanger Horizontal,true,HANGERHORIZON
02dcd191-ae62-11e6-f485-4cbc5df1b801,,,USER,Hanger Ibiza,true,HANGERIBIZAEREL
02dcd191-ae62-11e6-f485-4cbc5e04798b,,,USER,Hanger Ibiza Bird,true,HAIBIZABIRD
02dcd191-ae62-11e6-f485-4cbc5e165263,,,USER,hanger lace print assorted,true,HANGERLACE
02dcd191-ae62-11e6-f485-4cbc5e292681,,,USER,hanger metal heart with bell,true,HAMETALHEART
02dcd191-ae62-11e6-f485-4cbc5e3c53c5,,,USER,Hanger Shell,true,HANGERSHEL
02dcd191-ae62-11e6-f485-4cbc5e4fb5ac,,,USER,Hanger Small Silver Heart,true,HANGERSILVERH
02dcd191-ae62-11e6-f485-4cbc5e62d840,,,USER,Hanger Vertical,true,HANGERVERTHE
02dcd191-ae62-11e6-f485-4cbc5e74c9a4,,,USER,hanging basket red,true,SBHANGRED
02dcd191-ae62-11e6-f485-4cbc5e993f22,,,USER,hanging heart deco Souza,true,WDHEARTDECO
02dcd191-ae62-11e6-f485-4cbc5eabc54d,,,USER,hanging hearts 130cm,true,WDHANGHEARTS
02dcd191-ae62-11e6-f485-4cbc5ebe2098,,,USER,hanging lamp indigo,true,LIINDIGO
02dcd191-ae62-11e6-f485-4cbc5ed0ad10,,,USER,hanging storage green,true,SBHANGGR
02dcd191-ae62-11e6-f485-4cbc5ee26d84,,,USER,Happy Horse Bear Boggy,true,HHORSEBEARBOGGY
02dcd191-ae62-11e6-f485-4cbc5ef41474,,,USER,Happy Horse Birdy pink/bleu,true,HHORSEBIRDY
02dcd191-ae62-11e6-f485-4cbc5f064c88,,,USER,Happy Horse Birdy Tuttle pi/bl,true,HHORSEBIRDYTUTL
02dcd191-ae62-11e6-f485-4cbc5f17d549,,,USER,Happy Horse Blue/pink Monkey,true,HHORSEMONKEYBLP
02dcd191-ae62-11e6-f485-4cbc5f2b06cc,,,USER,Happy Horse Dear One,true,HHORSEDEARONE
02dcd191-ae62-11e6-f485-4cbc5f3e75ca,,,USER,Happy Horse Dog Dooby,true,HHORSEDOG
02dcd191-ae62-11e6-f485-4cbc5f506f21,,,USER,Happy Horse Dog Doodle Rattle,true,HHORSEDOGRATTLE
02dcd191-ae62-11e6-f485-4cbc5f6348c4,,,USER,Happy horse Elephant Gaby,true,HHORSEELEPHANT
02dcd191-ae62-11e6-f485-4cbc5f74b1ae,,,USER,Happy Horse Giraffe Gregory,true,HHORSEGIRAFFE
02dcd191-ae62-11e6-f485-4cbc5f874b7a,,,USER,Happy Horse Lamb Lugano,true,HHORSELAMBLUGA
02dcd191-ae62-11e6-f485-4cbc5f99a175,,,USER,Happy Horse Lion Lars,true,HHORSELIONLARS
02dcd191-ae62-11e6-f485-4cbc5fbf4122,,,USER,Happy Horse Monkey Micky 2,true,HHORSEMONKEYIV
02dcd191-ae62-11e6-edd8-e3bf7a7505a9,,,USER,Happy Horse Monkey Micky 2,true,HHORSEMONKEYIV
02dcd191-ae62-11e6-edd8-e3bf8018f2d3,,,USER,Happy Horse Monkey Micky 2,true,HHORSEMONKEYIV
02dcd191-ae62-11e6-edd8-e3bfbb4a08d0,,,USER,Happy Horse Monkey Micky 2,true,HHORSEMONKEYIV
02dcd191-ae62-11e7-f130-421e8ceaba09,,,USER,Happy Horse Monkey Micky 2,true,HHORSEMONKEYIV
02dcd191-ae62-11e6-f485-4cbc5fd0dcf6,,,USER,Happy Horse Mouse Mindy,true,HHORSEMOUSE
b7183623-f05a-ff95-73ac-d180ceb1b6ed,,,USER,Happy Horse Mouse Mindy,true,HHORSEMOUSE
02dcd191-ae62-11e6-f485-4cbc5fe2ca06,,,USER,Happy Horse Musical Lammy,true,HHORSEMUSICLAMM
02dcd191-ae62-11e6-f485-4cbc60323d7e,,,USER,Happy Horse Rabbit Large,true,HHORSERABBITL
02dcd191-ae62-11e6-f485-4cbc60445fc0,,,USER,Happy Horse Rabbit Pink Bleu,true,HHORSERABBITPIB
02dcd191-ae62-11e6-f485-4cbc6057b668,,,USER,Happy Horse Rabbit Roma Large No3,true,HHORSERABBIT
02dcd191-ae62-11e6-f485-4cbc606c98ff,,,USER,Happy Horse Seahorse,true,HHORSEEALSIANNA
02dcd191-ae62-11e6-f485-4cbc609ac3b1,10111912594_unpub,39277445906_unpub,USER,Happy Horse Sheep Mobile,true,HHORSEMOBILESH
02dcd191-ae62-11e6-f485-4cbc60b4e38e,,,USER,Happy Horse Swan Musical,true,HHORSESWANMUSIC
02dcd191-ae62-11e6-f485-4cbc60c9a254,,,USER,Happy Horse Swan Nr1,true,HHORSESWAN1
02dcd191-ae62-11e6-f485-4cbc60e2d47f,,,USER,Harness replacement set row,true,BUBSPHARNESS
02dcd191-ae62-11e6-f485-4cbc60f96c9c,,,USER,Hassock Army,true,FHASSOCKARMY
02dcd191-ae62-11e6-f485-4cbc618c5cec,,,USER,Hassock Explore Chill Phone,true,HASSOCKPHONE
02dcd191-ae62-11e6-f485-4cbc619e8719,,,USER,Hassock Ibiza Cloud,true,FHASSOCKIBIZA
02dcd191-ae62-11e6-f485-4cbc61fb4dfd,,,USER,Hassock Pumpkin,true,FHASSOCKBIN
02dcd191-ae62-11e6-f485-4cbc6221b9c0,,,USER,hat bad hair day foil print,true,HATBADHAIR
02dcd191-ae62-11e6-f485-4cbc6233ec2c,,,USER,hat divers,true,TOYHAT
02dcd191-ae62-11e6-f485-4cbc6245fc91,,,USER,hat dram queen,true,HATQUEEN
02dcd191-ae62-11e6-f485-4cbc62581302,,,USER,hat I'm a boy,true,HATBOY
02dcd191-ae62-11e6-f485-4cbc626b49c7,,,USER,hat I'm a girl,true,HATGIRL
02dcd191-ae62-11e6-f485-4cbc628fae11,,,USER,Hat Printed,true,HATPRINTED
02dcd191-ae62-11e6-f485-4cbc62b58b68,,,USER,head band bead blue,true,HEADBBLUE
02dcd191-ae62-11e6-f485-4cbc62c83273,,,USER,head band bead butterfly,true,HEADBBUT
02dcd191-ae62-11e6-f485-4cbc62dbcbe8,,,USER,head band bead Dorine,true,HEADBEADDR
02dcd191-ae62-11e6-f485-4cbc62f0b938,,,USER,headband bead flower,true,HEADBEADFL
02dcd191-ae62-11e6-f485-4cbc63035fd2,,,USER,Headband Value Pack,true,HEADBANDSPACK
02dcd191-ae62-11e6-f485-4cbc63161576,10400851602,41827021330,SHOPIFY,Healthtex Waterproof Fitted Sheet Camp Cot,true,SHHEALTHCAMPCOT
02dcd191-ae62-11e6-f485-4cbc63286efa,10402923090,41841836178,SHOPIFY,Healthex Waterproof Sheet Large Cot,true,SHHEALTH
02dcd191-ae62-11e6-f485-4cbc633b9a3a,,,USER,heart box square,true,SBHEARTBOX
02dcd191-ae62-11e6-f485-4cbc634e6b3a,,,USER,heart cotton with frame,true,TOYHEARTBIO
02dcd191-ae62-11e6-f485-4cbc6360576b,,,USER,Heart Display shelf,true,WDSHELFHEART
02dcd191-ae62-11e6-f485-4cbc6372241f,,,USER,heart flower wreath,true,HEARTFLOW
02dcd191-ae62-11e6-f485-4cbc6384aae8,,,USER,heart for holland,true,WDHOLLAND
02dcd191-ae62-11e6-f485-4cbc63982682,,,USER,heart from bells,true,WDHEARTBELLS
02dcd191-ae62-11e6-f485-4cbc63abf4a6,,,USER,heart hanger surprise,true,HAHEARTSUR
02dcd191-ae62-11e6-f485-4cbc63d15bdb,,,USER,Heart Hangers Wicker,true,WDHAERTWICKER
02dcd191-ae62-11e6-f485-4cbc63e64258,,,USER,heart hook iron 3 part,true,HKHEART3
02dcd191-ae62-11e6-f485-4cbc63f9e97a,,,USER,"Heart I love You MoonBack""""",true,HEARTILOVEYOUM
02dcd191-ae62-11e6-f485-4cbc640d268a,,,USER,heart mix large,true,WDHEARTMIX
02dcd191-ae62-11e6-f485-4cbc64201d88,,,USER,Heart Mix Small,true,WDHEARTMIXS
02dcd191-ae62-11e6-f485-4cbc643214bf,,,USER,heart mosaic with heart hole,true,HEARTMOSHOL
02dcd191-ae62-11e6-f485-4cbc64471322,,,USER,heart mosaic with heart hole S,true,HEARTMOSHS
02dcd191-ae62-11e6-f485-4cbc645a9b75,,,USER,heart necklace,true,NECKLACEHEART
02dcd191-ae62-11e6-f485-4cbc646f6d89,,,USER,Heart pink Clayre & Eef,true,WDHEARTCLAYRE
02dcd191-ae62-11e6-f485-4cbc6483ee87,,,USER,Heart shape Tin,true,SBTINHEART
02dcd191-ae62-11e6-f485-4cbc64981b6a,,,USER,heart shaped carpet,true,CARPETHEART
02dcd191-ae62-11e6-f485-4cbc64ac2fd9,,,USER,heart twirl hanger iron S,true,HEARTTWIRLS
02dcd191-ae62-11e6-f485-4cbc64c1d459,,,USER,heart twirl hanger M,true,HEARTTWIRLM
02dcd191-ae62-11e6-f485-4cbc64d6a928,,,USER,heart w/beads metal,true,WDBEADSHEART
02dcd191-ae62-11e6-f485-4cbc64ebfc30,,,USER,Heart with Ribbon Large,true,WDHEARTRIBBONL
02dcd191-ae62-11e6-f485-4cbc64ff7576,,,USER,Heart with Words,true,WDHEARTTEXT
02dcd191-ae62-11e6-f485-4cbc6522ac92,,,USER,heart wood,true,WDWOHEART
02dcd191-ae62-11e6-f485-4cbc6538388f,,,USER,heart wood small,true,WDWOHEARTSS
02dcd191-ae62-11e6-f485-4cbc654c5a5f,,,USER,Heart wood with Ribbon,true,WDHEARTRIBBON
02dcd191-ae62-11e6-f485-4cbc655ffa36,,,USER,heart word scented hangers,true,HEARTWORD
02dcd191-ae62-11e6-f485-4cbc6571e4ad,10000101778,38694303122,SHOPIFY,Kallax Shelving Unit 147x147,true,kallaxBOOKCM147
02dcd191-ae62-11e6-f485-4cbc65839b7b,,,USER,Kallax Shelving Unit 182 x182,true,KallaxBOOKCL
02dcd191-ae62-11e6-f485-4cbc6626974c,,,USER,Hokk Car,true,HKCAR
02dcd191-ae62-11e6-f485-4cbc6639493a,10128959506,39415729746,SHOPIFY,BamBam Hooded Towel White,true,HOODTOWELWH
02dcd191-ae62-11e6-f485-4cbc664bc75e,,,USER,Hook 1 flower & bird,true,HKFLOBIRD1
02dcd191-ae62-11e6-f485-4cbc665f2859,,,USER,Hook 2 With Heart,true,HK2WHEART
02dcd191-ae62-11e6-f485-4cbc6670f2df,,,USER,Hook 3 Babuschka,true,HK3BABU
02dcd191-ae62-11e6-f485-4cbc6682cf27,,,USER,Hook 3 little hearts,true,HKLITTLEHEARTS
02dcd191-ae62-11e6-f485-4cbc6695722f,,,USER,Hook 3 Space,true,HKSPACE3
02dcd191-ae62-11e6-f485-4cbc66a785d9,,,USER,Hook 3 star 30 cm,true,HK3STAR
02dcd191-ae62-11e6-f485-4cbc66b9b4a7,,,USER,hook 4 arms multi,true,HKPLASTIC4
02dcd191-ae62-11e6-f485-4cbc66cbd277,,,USER,hook 5 stars,true,HKSTARS
02dcd191-ae62-11e6-f485-4cbc66de1491,,,USER,hook 6 hearts,true,HKHEART6
02dcd191-ae62-11e6-f485-4cbc66f03b6a,,,USER,hook animals,true,HKANIMALS
02dcd191-ae62-11e6-f485-4cbc670199d4,,,USER,hook animals tica,true,HKANIMALTI
02dcd191-ae62-11e6-f485-4cbc6714ba42,,,USER,Hook Balls XL,true,HKBALLRACKXL
02dcd191-ae62-11e6-f485-4cbc672678ad,,,USER,Hook Coloured Balls,true,HKBALLCOLOUREDA
02dcd191-ae62-11e6-f485-4cbc6738a14a,,,USER,Hook Balls Rack ass,true,HKBALLRACKCOLOU
02dcd191-ae62-11e6-f485-4cbc674a14d8,,,USER,Hook Bambi/Squirl Dot,true,HKDOTBAMSQ
02dcd191-ae62-11e6-f485-4cbc675b7f35,,,USER,Hook Billy Tica,true,HKBILLY
02dcd191-ae62-11e6-f485-4cbc676d8f8a,,,USER,Hook Bird Dots,true,HKDOTBIRD
02dcd191-ae62-11e6-f485-4cbc677eece3,,,USER,Hook Bird Flowers,true,HKFLOBIRD
02dcd191-ae62-11e6-f485-4cbc67908911,,,USER,Hook Bird with Knob,true,HKBIRDKNOB
02dcd191-ae62-11e6-f485-4cbc67a4885a,,,USER,Hook bkanc 1 Knob,true,HK1KNOB
02dcd191-ae62-11e6-f485-4cbc67b71aba,,,USER,Hook Bkanc 2 Knob,true,HK2KNOB
02dcd191-ae62-11e6-f485-4cbc67ca93c8,,,USER,hook boys transport,true,HKTRANSP
02dcd191-ae62-11e6-f485-4cbc67dd3572,,,USER,Hook Branch Large,true,HKBRANCHL
02dcd191-ae62-11e6-f485-4cbc67ef6701,,,USER,Hook Bull Kl,true,HKKLBULL
02dcd191-ae62-11e6-f485-4cbc68031a68,,,USER,Hook Butterfly's,true,HKBUTTERFLYS
02dcd191-ae62-11e6-f485-4cbc6815d4a5,,,USER,hook cars single,true,HKCARS
02dcd191-ae62-11e6-f485-4cbc682b49e2,,,USER,Hook Clothing Colours,true,HLCLOTHINGCOL
02dcd191-ae62-11e6-f485-4cbc686774ac,,,USER,Hook Cup Cakes,true,HKCUPCAKES
02dcd191-ae62-11e6-f485-4cbc687c306d,,,USER,Hook dancing Fairy,true,HKFAIRY
02dcd191-ae62-11e6-f485-4cbc6890c29d,,,USER,Hook Door hanger,true,HKDOORHANGER
02dcd191-ae62-11e6-f485-4cbc68a4e62f,,,USER,Hook doorhanger 3 mice,true,HKDOOR3MICE
02dcd191-ae62-11e6-f485-4cbc68b96145,,,USER,Hook Double Wall,true,HKDOUBLWALLASS
02dcd191-ae62-11e6-f485-4cbc68db354c,,,USER,Hook Elephant pi/bl,true,HKELEPHANT
02dcd191-ae62-11e6-f485-4cbc68f03ac2,,,USER,hook fire engine,true,HKFIRE
02dcd191-ae62-11e6-f485-4cbc6902b5d6,,,USER,Hook Forest triple Pine,true,HKTRIPLEFOREST
02dcd191-ae62-11e6-f485-4cbc69147514,,,USER,Hook Frame Love Hook,true,HKFRAMELOVEHK
02dcd191-ae62-11e6-f485-4cbc69262ace,,,USER,Hook Gras,true,HKGARDENS
02dcd191-ae62-11e6-f485-4cbc69385e42,,,USER,hook heart pink,true,HKHEARTPI
02dcd191-ae62-11e6-f485-4cbc694b0345,,,USER,hook heart on wooden block,true,HKHEARTBLOCK
02dcd191-ae62-11e6-f485-4cbc695ceab1,,,USER,Hook Hello Little One,true,HKHELLOLITTLEON
02dcd191-ae62-11e6-f485-4cbc696f4969,,,USER,Hook house Dutch set 3,true,HKHOUSE
02dcd191-ae62-11e6-f485-4cbc69825d57,,,USER,Hook Ibiza,true,HKIBIZA
02dcd191-ae62-11e6-f485-4cbc6994bc5b,,,USER,hook iron on wood single,true,HKIRWOODSI
02dcd191-ae62-11e6-f485-4cbc69a6a3a4,,,USER,Hook It's Beautiful,true,HKITSBEAUTIFUL
02dcd191-ae62-11e6-f485-4cbc69b82b39,,,USER,Hook Journey 4,true,HKJOURNEY4
02dcd191-ae62-11e6-f485-4cbc69cb548e,,,USER,hook magment reindier,true,HKMAGREIN
02dcd191-ae62-11e6-f485-4cbc69ddf6ca,,,USER,hook magnet whale bl,true,HKMAGWHALE
02dcd191-ae62-11e6-f485-4cbc69effd65,,,USER,Hook Metal bird/but/owl,true,XSHOOKANIMAL
02dcd191-ae62-11e6-f485-4cbc6a01ff15,,,USER,Hook Metal colour Knobs,true,HKMETALKNOBS
02dcd191-ae62-11e6-f485-4cbc6a164061,,,USER,hook metal jurassic,true,HKJURASSIC
02dcd191-ae62-11e6-f485-4cbc6a295045,,,USER,Hook Nickle set 2,true,HKNICKLESET
02dcd191-ae62-11e6-f485-4cbc6a3acb26,,,USER,Hook on White Heart,true,HKHEARTWHITE
02dcd191-ae62-11e6-f485-4cbc6a4c1429,,,USER,Hook Oskar White,true,HKOSKAR
02dcd191-ae62-11e6-f485-4cbc6a5e706d,,,USER,Hook Owl and Branch,true,HKOWLBRANCH
02dcd191-ae62-11e6-f485-4cbc6a711858,,,USER,Hook Owl Ass,true,HKOWL
02dcd191-ae62-11e6-f485-4cbc6a848e7d,,,USER,Hook Tribal Bear,true,HKTRBALBEAR
02dcd191-ae62-11e6-f485-4cbc6a972612,,,USER,Hook Tribal Fox,true,HKTRIBALFOX
02dcd191-ae62-11e6-f485-4cbc6aa8ecd1,,,USER,Hook Tribal Fox,true,HOKTRIBALFOX
02dcd191-ae62-11e6-f485-4cbc6abae08d,,,USER,Hook wave/cer/egg,true,HK3PIECESWAVE
02dcd191-ae62-11e6-f485-4cbc6acc5401,,,USER,Hook White Button,true,HKWHITEBUTTON
02dcd191-ae62-11e6-f485-4cbc6ade2812,,,USER,Hook White Shirt,true,HKCLAYRE
02dcd191-ae62-11e6-f485-4cbc6aefd6ea,,,USER,Hook with Star,true,HKSTAR
02dcd191-ae62-11e6-f485-4cbc6b01d39a,,,USER,Hook wood Cat,true,HKWOOD4
02dcd191-ae62-11e6-f485-4cbc6b13f319,,,USER,Hook Wooden Love,true,HKDISTYLOVE
02dcd191-ae62-11e6-f485-4cbc6b257ae8,,,USER,Hook x3 wood 35cm,true,HK3BRANCHE
02dcd191-ae62-11e6-f485-4cbc6b3769b7,,,USER,Hook x5 Wood 55 cm,true,HK5BRANCHE
02dcd191-ae62-11e6-f485-4cbc6b4a9350,,,USER,Hooks 8 Bumerang,true,HKBUMERANG
02dcd191-ae62-11e6-f485-4cbc6b5e4d40,,,USER,hooks animals check pakhoo,true,HKANIMAL
02dcd191-ae62-11e6-f485-4cbc6b6fe8d4,,,USER,hooks wood red check 'girl',true,HKGIRLRED
02dcd191-ae62-11e6-f485-4cbc6b8157f6,,,USER,HOPPOP Arco Aqua,true,HOPPARCOAQ
02dcd191-ae62-11e6-f485-4cbc6b92d027,,,USER,Hoppop Bath assorted,true,HOPPOPBATH
02dcd191-ae62-11e6-f485-4cbc6ba514b9,,,USER,Hoppop bath stand,true,HOPPOPBATHSTAND
02dcd191-ae62-11e6-f485-4cbc6bca6c12,,,USER,Wall Trophy Horse,true,WDHORSE
02dcd191-ae62-11e6-f485-4cbc6bdfa1b3,,,USER,Happy Horse Rabbit Large,true,HHRABBITLARGE
02dcd191-ae62-11e6-f485-4cbc6c19f911,,,USER,House Memory Board,true,WDHOUSEME
02dcd191-ae62-11e6-f485-4cbc6c2df2bf,,,USER,house wire white,true,HOUSEWIREWH
02dcd191-ae62-11e6-f485-4cbc6c8cf1de,,,USER,Ibiza Toiletry Bag,true,IBIZATOILETERYB
02dcd191-ae62-11e6-f485-4cbc6cba7d23,,,USER,Ilya Drawer for Cot,true,FILYADRAWER
02dcd191-ae62-11e6-f485-4cbc6ccd9435,,,USER,indigo flower hanger,true,HAINDIFL
02dcd191-ae62-11e6-f485-4cbc6ce10997,,,USER,indigo kitbag,true,BAGKITS
02dcd191-ae62-11e6-f485-4cbc6d09533a,,,USER,indigo wall strorage S,true,STWAINDIGOS
02dcd191-ae62-11e6-f485-4cbc6d1c7ea1,,,USER,Indochine Doll Suki,true,TOYINDOSUKI
02dcd191-ae62-11e6-f485-4cbc6d2eab32,,,USER,Indochine Shoulder Bag,true,BAGINDOSHO
02dcd191-ae62-11e6-f485-4cbc6d579f9b,,,USER,inner baby pillow rect Gems,true,CUSINNER
02dcd191-ae62-11e6-f485-4cbc6d69ea52,,,USER,inner baby pillow rect Noct,true,CUSINNERS
02dcd191-ae62-11e6-f485-4cbc6d7e01a1,,,USER,Invitation Nicky Snow,true,POSTINVITATION
02dcd191-ae62-11e6-f485-4cbc6d93a877,,,USER,Invitations Forest Animal,true,POSTCARDINVI
02dcd191-ae62-11e6-f485-4cbc6da722a4,,,USER,iron heart hanger 4 piece,true,HKHEART4
02dcd191-ae62-11e6-f485-4cbc6db9b62a,,,USER,iron heart hanger 5 piece,true,HKHEART5
02dcd191-ae62-11e6-f485-4cbc6dcb1dba,,,USER,iron hook 2 hearts,true,HKHEART2
02dcd191-ae62-11e6-f485-4cbc6ddd282a,,,USER,iron hook antique tripple,true,HKIRTRI
02dcd191-ae62-11e6-f485-4cbc6e012492,9724091858_unpub,35921198482_unpub,USER,item fashion,true,itfashion
02dcd191-ae62-11e6-f485-4cbc6e12fbdc,,,USER,item furniture,true,ITFURN
02dcd191-ae62-11e6-f485-4cbc6e253b4b,,,USER,item travel,true,ITTRAVEL
02dcd191-ae62-11e6-f485-4cbc6e3bf06c,,,USER,Jaba Birthday Train,true,JABABIRTDAYTRAI
02dcd191-ae62-11e6-f485-4cbc6e52fbbd,,,USER,Jaba Boxes Elephant/Penguin,true,JABABOXELEPHANT
02dcd191-ae62-11e6-f485-4cbc6e66fd26,,,USER,Jaba Bunting,true,JABABANDEROL
02dcd191-ae62-11e6-f485-4cbc6e79eb74,,,USER,Jaba Cubes,true,JABACUBES
02dcd191-ae62-11e6-f485-4cbc6e8b9af8,,,USER,Jaba Dinner Set,true,JABADINNERSET
02dcd191-ae62-11e6-f485-4cbc6e9ef183,,,USER,Jaba Dog Puzzle,true,JABADOGPUZZLE
02dcd191-ae62-11e6-f485-4cbc6eb23ab5,,,USER,Jaba Grow Chart,true,JABAGROWTHCHART
02dcd191-ae62-11e6-f485-4cbc6ec419d9,,,USER,Jaba Hanger Elephant,true,JABAHANGERELEP
02dcd191-ae62-11e6-f485-4cbc6ed5ae0b,,,USER,Jaba Kiddie Chair,true,JABAKIDDIECHAIR
02dcd191-ae62-11e6-f485-4cbc6efb6ec3,,,USER,Jaba Latern,true,JABALATERN
02dcd191-ae62-11e6-f485-4cbc6f0d00de,,,USER,Jaba Lotto / Memo,true,JABALOTTOMEMO
02dcd191-ae62-11e6-f485-4cbc6f1f15ed,,,USER,Jaba Maraccas,true,JABAMARACCAS
02dcd191-ae62-11e6-f485-4cbc6f387ca3,,,USER,Jaba Party Honeycombs,true,JABAPARTYHONEY
02dcd191-ae62-11e6-f485-4cbc6f4d179b,,,USER,Jaba Pop Chair,true,JABAPOPCHAIR
02dcd191-ae62-11e6-f485-4cbc6f8523f1,,,USER,Jaba Stool,true,JABASTOOL
02dcd191-ae62-11e6-f485-4cbc6f97cde3,,,USER,Jaba Storage Box White,true,JABASTORAGEBOX
02dcd191-ae62-11e6-f485-4cbc6fbdc426,,,USER,Jaba Suitcase Large,true,JABASUITCASELAR
02dcd191-ae62-11e6-f485-4cbc6fd11866,,,USER,Jaba Suitcase Medium,true,JABASUITCASEMED
02dcd191-ae62-11e6-f485-4cbc6ffc88f9,,,USER,Jaba Trolley,true,JABATROLLEY
02dcd191-ae62-11e6-f485-4cbc701315dd,,,USER,Jaba Watch,true,JABAWATCH
02dcd191-ae62-11e6-f485-4cbc7027d0a9,,,USER,Jabadabado Tambourine,true,JABATAMBOURIN
02dcd191-ae62-11e6-f485-4cbc70bb69ab,,,USER,Jelly Cat Bunny Really Big,true,TOYJELLYCAT
02dcd191-ae62-11e6-f485-4cbc70d36ba7,,,USER,Jewelery Tree,true,JEWELRYTREE
02dcd191-ae62-11e6-f485-4cbc70e757d6,,,USER,jewell stand,true,TOYJEWELST
02dcd191-ae62-11e6-f485-4cbc710c394d,,,USER,Jewellery Box Music Ballet/Fai,true,SBJEWMU
02dcd191-ae62-11e6-f485-4cbc711fb232,,,USER,jewellery Laundry wrap 150cm,true,JEWLAUWRAP
02dcd191-ae62-11e6-f485-4cbc7134dd7c,,,USER,Jewellery Stand Pink,true,JEWELSTAND
02dcd191-ae62-11e6-f485-4cbc71491d5d,,,USER,jewelry case bird/flower,true,WDJEWELCASE
02dcd191-ae62-11e6-f485-4cbc715c16fb,,,USER,Jewelry hanger circus,true,WDJEWELRYBRAXTO
02dcd191-ae62-11e6-f485-4cbc716e38f1,,,USER,Jinger Jack Bag Lilly Lux,true,JINGERJACKBAG
02dcd191-ae62-11e6-f485-4cbc71959855,,,USER,Jinger Jack Diaper Bag,true,JINGERJACKDIABA
02dcd191-ae62-11e6-f485-4cbc71a83e00,,,USER,Jol 4season SB Waffle 70,true,JOLSB4SEASWAF70
02dcd191-ae62-11e6-f485-4cbc71babafd,,,USER,Jol bl. 75x100 4 Season Cable,true,JOLBL4SEASONCAB
02dcd191-ae62-11e6-f485-4cbc71cd79b9,,,USER,Jollein Stonewash Blanket / Teddy 150x100,true,JOLOBL4SEASONST
02dcd191-ae62-11e6-f485-4cbc71e0de90,,,USER,Jollein 4 StoneKnit 100x150,true,JOLBLKNITGREY
02dcd191-ae62-11e6-f485-4cbc71f4f8c4,,,USER,Jollein Bear Cable,true,JOLBEARCABLE
02dcd191-ae62-11e6-f485-4cbc720714fe,,,USER,Jollein Bib,true,JOLBIB
02dcd191-ae62-11e6-f485-4cbc7218a8a2,,,USER,Jollein Bl. Star/Bow 75x100,true,JOLBLSTARBOW
02dcd191-ae62-11e6-f485-4cbc722abaf7,,,USER,Jollein Bl. Waffle 100x150,true,JOLBLWAFFLE1015
02dcd191-ae62-11e6-f485-4cbc723c5f8e,,,USER,Jollein Bl. Waffle 75x100,true,JOLBLWAFFLE7510
02dcd191-ae62-11e6-f485-4cbc724e9bb1,,,USER,Jollein Blanket 4 Season Drop,true,JOLBL4SEASONDRO
02dcd191-ae62-11e6-f485-4cbc7260976f,,,USER,Jollein Blanket Bamboo 75x100,true,JOLBLBAMBOO75X1
02dcd191-ae62-11e6-f485-4cbc72745550,9118523922_unpub,32179172370_unpub,USER,Jollein Blanket Cable / Teddy 100x150,true,jolblcableteddy100
02dcd191-ae62-11e7-edd8-13acd5589b5e,9118523922_unpub,32179172434_unpub,USER,Jollein Blanket Cable / Teddy 100x150,true,jolblcableteddy100
02dcd191-ae62-11e6-f485-4cbc7285b804,9118583826_unpub,32179849298_unpub,USER,Jollein Blanket Cable / Teddy 75x100,true,jolblcableteddy75
02dcd191-ae62-11e7-edd8-13adf69a611f,9118583826_unpub,32179849362_unpub,USER,Jollein Blanket Cable / Teddy 75x100,true,jolblcableteddy75
02dcd191-ae62-11e7-edd8-13ae2d73279c,9118583826_unpub,32179849426_unpub,USER,Jollein Blanket Cable / Teddy 75x100,true,jolblcableteddy75
02dcd191-ae62-11e7-edd8-13b246c39140,9118583826_unpub,32182952274_unpub,USER,Jollein Blanket Cable / Teddy 75x100,true,jolblcableteddy75
02dcd191-ae62-11e7-f130-55b02f408ab3,9118583826_unpub,36662926546_unpub,USER,Jollein Blanket Cable / Teddy 75x100,true,jolblcableteddy75
02dcd191-ae62-11e7-f130-5a6e40081972,9118583826_unpub,37073330322_unpub,USER,Jollein Blanket Cable / Teddy 75x100,true,jolblcableteddy75
02dcd191-ae62-11e6-f485-4cbc72984dbd,,,USER,Jollein Blanket Chevron 75x100,true,JOLBLCHEVRON
02dcd191-ae62-11e6-f485-4cbc72aa48af,,,USER,Jollein Blanket Cloud 100x150,true,JOLBLCLOUD100X1
02dcd191-ae62-11e6-f485-4cbc72bcb834,10347645778,41107543890,SHOPIFY,Jollein Blanket Cloud 75x100,true,JOLBLCLOUDS75X1
02dcd191-ae62-11e6-f485-c902ded8eddd,10347645778,41107544018,SHOPIFY,Jollein Blanket Cloud 75x100,true,JOLBLCLOUDS75X1
02dcd191-ae62-11e6-f485-4cbc72cee0a3,,,USER,Jollein Blanket Drops 150x100,true,JOLBLDROPS150X1
02dcd191-ae62-11e6-f485-4cbc72f2d2ef,,,USER,Jollein Blanket Mixed 75x100,true,JOLBLMIXED75100
0a4735cc-4962-11e7-fc9e-c54f7161554d,,,USER,Jollein Blanket Mixed 75x100,true,JOLBLMIXED75100
0a4735cc-4962-11e7-fc9e-d437fcae3dfd,,,USER,Jollein Blanket Mixed 75x100,true,JOLBLMIXED75100
02dcd191-ae62-11e6-f485-4cbc7304dc0b,,,USER,Jollein Blanket Star 100x150,true,JOLBLSTAR100X15
02dcd191-ae62-11e6-f485-4cbc731ba4f6,,,USER,Jollein Blanket Swaddle Star,true,JOLSWADDLEBLANK
02dcd191-ae62-11e6-f485-4cbc732fa9a6,,,USER,Jollein Canopy 155 cm,true,JOLCANOPY155
02dcd191-ae62-11e6-f485-4cbc7343f568,9122158674_unpub,32210003794_unpub,USER,Jollein Changing Mat Silver,true,jolcmat
02dcd191-ae62-11e7-edd8-12ddab23283d,9111709586,32270693072956,SHOPIFY,Jollein Comfort Bag 0-9 months,true,jolcomfortbag
02dcd191-ae62-11e7-edd8-132438233e8a,9111709586,32270693105724,SHOPIFY,Jollein Comfort Bag 0-9 months,true,jolcomfortbag
02dcd191-ae62-11e7-edd8-132451c5df6a,9111709586,32270693138492,SHOPIFY,Jollein Comfort Bag 0-9 months,true,jolcomfortbag
0a4735cc-4962-11e8-fc9e-0079f28903bb,9111709586,32270693171260,SHOPIFY,Jollein Comfort Bag 0-9 months,true,jolcomfortbag
0a4735cc-4962-11e8-fc9e-007a11af6397,9111709586,32270693204028,SHOPIFY,Jollein Comfort Bag 0-9 months,true,jolcomfortbag
0a4735cc-4962-11e8-fc9e-007a1d67c8fe,9111709586,32270693236796,SHOPIFY,Jollein Comfort Bag 0-9 months,true,jolcomfortbag
0a4735cc-4962-11e8-fc9e-007a2a04d0fe,9111709586,32270693269564,SHOPIFY,Jollein Comfort Bag 0-9 months,true,jolcomfortbag
0a4735cc-4962-11e8-fc9e-007a380d9c94,9111709586,32270693302332,SHOPIFY,Jollein Comfort Bag 0-9 months,true,jolcomfortbag
0db4fff4-3673-8d4d-d806-043ab980da51,9111709586,32270693335100,SHOPIFY,Jollein Comfort Bag 0-9 months,true,jolcomfortbag
26c31693-5f2e-1961-ff7c-837513699047,9111709586,32270693367868,SHOPIFY,Jollein Comfort Bag 0-9 months,true,jolcomfortbag
3421e728-7ddc-5748-16eb-9c2bfde794e2,9111709586,32270693400636,SHOPIFY,Jollein Comfort Bag 0-9 months,true,jolcomfortbag
82c41b3f-58a3-f304-3fa8-28b8310fd96b,9111709586,31032998592572,SHOPIFY,Jollein Comfort Bag 0-9 months,true,jolcomfortbag
9e4b6131-4553-96ae-e3b7-8d5829231f62,9111709586,31032998625340,SHOPIFY,Jollein Comfort Bag 0-9 months,true,jolcomfortbag
b1af947b-c54f-4519-0cde-a3b64a84ae6e,9111709586,31032998658108,SHOPIFY,Jollein Comfort Bag 0-9 months,true,jolcomfortbag
02dcd191-ae62-11e6-f485-4cbc739881d3,,,USER,Jollein Cotbumper Waffle,true,JOLCOTBUMPERWAF
02dcd191-ae62-11e6-f485-4cbc73da1d40,,,USER,Jollein Duvet Inner 100x135 cm,true,JOLDUVINNER
02dcd191-ae62-11e6-f485-4cbc73edc14e,,,USER,Jollein Duvet Set 100x140,true,JOLDUVSETSTARFI
0a4735cc-4962-11e7-fc9e-c54dc0b7c065,,,USER,Jollein Duvet Set 100x140,true,JOLDUVSETSTARFI
fe694ac1-a449-defb-a2e1-d88c810265b4,,,USER,Jollein Duvet Set 100x140,true,JOLDUVSETSTARFI
02dcd191-ae62-11e6-f485-4cbc74022208,,,USER,Jollein Duvet Set Bunny,true,JOLDUVSETBUNNY
02dcd191-ae62-11e6-f485-4cbc74413808,,,USER,Jollein Duvet Set Sin Lilly,true,JOLDUVETSETLILL
02dcd191-ae62-11e6-f485-4cbc7467b6ad,,,USER,Jollein Elephant Cable,true,JOLELEPHANCABLE
02dcd191-ae62-11e6-f485-4cbc7496ae5f,,,USER,Jollein Fitted Sheet 40x80 cot,true,JOLFITSHEETCRIB
02dcd191-ae62-11e6-f485-4cbc74be14ca,,,USER,Jollein Flat sheet 75x100,true,JOLFLATSHEET75
02dcd191-ae62-11e6-f485-4cbc74d1c3b6,,,USER,Jollein Flat Sheet Ecru,true,JOLFLATSHEETECR
02dcd191-ae62-11e6-f485-4cbc74e52009,,,USER,Jollein Hooded Towel,true,JOLHOODEDTOWEL
02dcd191-ae62-11e6-f485-4cbc74f80348,,,USER,Jollein Kiddie Chair,true,JOLKIDDIECHAIR
02dcd191-ae62-11e6-f485-4cbc7509c2cc,,,USER,Jollein Mos Net Pram,true,JOLMOSNETOPRAM
02dcd191-ae62-11e6-f485-4cbc751cabfb,,,USER,Jollein Mos Net single Waffle,true,JOLMOSNETWAFFLE
02dcd191-ae62-11e6-f485-4cbc752efa73,,,USER,Jollein Mosquitoinet with Ring,true,JOLMOSNET
02dcd191-ae62-11e6-f485-4cbc7541db4f,,,USER,Jollein Mosquitonet Travel cot,true,JOLMOSNETCOT
02dcd191-ae62-11e6-f485-4cbc75548f82,,,USER,Jollein Muslin Blanket 120x120,true,JOLBLANKETMUSLI
02dcd191-ae62-11e6-f485-4cbc759d65f7,,,USER,Jollein Rain Cover Car Seat,true,JOLRAINCOVERMC
02dcd191-ae62-11e6-f485-4cbc75f8858e,,,USER,Jollein SB Winetr Retro Bl 110,true,JOLSBWINTERR110
02dcd191-ae62-11e6-f485-4cbc760e2789,,,USER,Jollein SB Winter Cable 90 cm,true,JOLSBCABLE90
02dcd191-ae62-11e6-f485-4cbc7622521e,,,USER,Jollein SB Winter Starfish 110,true,JOLSBWINTERST90
02dcd191-ae62-11e6-f485-4cbc76343e49,,,USER,Jollein SB Winter Starfish 70,true,JOLSBWINTER70
02dcd191-ae62-11e6-f485-4cbc76569830,,,USER,Jollein Sheet Wonderful Life,true,JOLSHEETWONDERF
02dcd191-ae62-11e6-f485-4cbc76683898,,,USER,Jollein SlBag Melee 110,true,JOLSBWINTERMEL1
02dcd191-ae62-11e6-f485-4cbc767a81c4,10873679890_unpub,46517383762_unpub,USER,Jollein Sleepingbag Summer Jersey 90CM,true,JOLSBSUMMERJERSEY90
02dcd191-ae62-11e7-f130-5b3d3e89c078,10873679890_unpub,46517383826_unpub,USER,Jollein Sleepingbag Summer Jersey 90CM,true,JOLSBSUMMERJERSEY90
02dcd191-ae62-11e7-f130-5b3d52feb9e1,10873679890_unpub,46517383954_unpub,USER,Jollein Sleepingbag Summer Jersey 90CM,true,JOLSBSUMMERJERSEY90
02dcd191-ae62-11e7-f130-5b3d657fa3d0,10873679890_unpub,46517384018_unpub,USER,Jollein Sleepingbag Summer Jersey 90CM,true,JOLSBSUMMERJERSEY90
02dcd191-ae62-11e7-f130-5b3d78b4983d,10873679890_unpub,46517384082_unpub,USER,Jollein Sleepingbag Summer Jersey 90CM,true,JOLSBSUMMERJERSEY90
02dcd191-ae62-11e7-f130-a8ff82945fde,10873679890_unpub,46517384210_unpub,USER,Jollein Sleepingbag Summer Jersey 90CM,true,JOLSBSUMMERJERSEY90
02dcd191-ae62-11e7-f130-a903a3dd4084,10873679890_unpub,46517384338_unpub,USER,Jollein Sleepingbag Summer Jersey 90CM,true,JOLSBSUMMERJERSEY90
3582162d-4d63-c051-7210-f109f59b6d9b,10873679890_unpub,31033321193532_unpub,USER,Jollein Sleepingbag Summer Jersey 90CM,true,JOLSBSUMMERJERSEY90
528ef979-8f28-8586-3e33-286cfda60dc9,10873679890_unpub,29471549718588_unpub,USER,Jollein Sleepingbag Summer Jersey 90CM,true,JOLSBSUMMERJERSEY90
598b9a80-a9dd-122b-d6c6-e655dfb8d10c,10873679890_unpub,9475631743036_unpub,USER,Jollein Sleepingbag Summer Jersey 90CM,true,JOLSBSUMMERJERSEY90
84896839-a85b-54f9-568f-d69d96b55c30,10873679890_unpub,9475556343868_unpub,USER,Jollein Sleepingbag Summer Jersey 90CM,true,JOLSBSUMMERJERSEY90
c819f8e7-0b95-9473-3c3d-fc22bdcfe2e5,10873679890_unpub,29471549816892_unpub,USER,Jollein Sleepingbag Summer Jersey 90CM,true,JOLSBSUMMERJERSEY90
02dcd191-ae62-11e6-f485-4cbc768c0c69,,,USER,Jollein Slbag Winter Cable 70,true,JOLSLBAGWINCA70
02dcd191-ae62-11e6-f485-4cbc769e6504,,,USER,Jollein Sleeping Bag Winter 70,true,JOLSLBAGWINTER7
02dcd191-ae62-11e6-f485-4cbc76b0ae4d,4318728192060,31042079916092,SHOPIFY,Jollein Storage Bag Felt,true,JOLSTORAGEBAG
df7f839c-01e3-6205-5e0b-13abde1c4ea1,4318728192060,31042080014396,SHOPIFY,Jollein Storage Bag Felt,true,JOLSTORAGEBAG
02dcd191-ae62-11e6-f485-4cbc76e73f1e,,,USER,Jollein Summer Muslin Sleepingbag 90,true,JOLSBmuslinSUMMER90
02dcd191-ae62-11e6-f485-c8fc5e307125,,,USER,Jollein Summer Muslin Sleepingbag 90,true,JOLSBmuslinSUMMER90
02dcd191-ae62-11e7-f130-5b3ebf9cc0d3,,,USER,Jollein Summer Muslin Sleepingbag 90,true,JOLSBmuslinSUMMER90
02dcd191-ae62-11e6-f485-4cbc770d6457,,,USER,Jollein Swaddle 75x100,true,JOLSWADDLE75X10
02dcd191-ae62-11e6-f485-4cbc77200035,9112085714,32123413202,SHOPIFY,Jollein Swaddle Blanket 3 Pack,true,jolswaddle3pack
02dcd191-ae62-11e6-f485-c7716a9a2ced,9112085714,32123413266,SHOPIFY,Jollein Swaddle Blanket 3 Pack,true,jolswaddle3pack
02dcd191-ae62-11e6-f485-c77176636c17,9112085714,32123413330,SHOPIFY,Jollein Swaddle Blanket 3 Pack,true,jolswaddle3pack
02dcd191-ae62-11e6-f485-c771818f6e1b,9112085714,32123413394,SHOPIFY,Jollein Swaddle Blanket 3 Pack,true,jolswaddle3pack
02dcd191-ae62-11e6-f485-c7718e6dfacf,9112085714,32123413458,SHOPIFY,Jollein Swaddle Blanket 3 Pack,true,jolswaddle3pack
02dcd191-ae62-11e6-f485-c8fc96b8150c,9112085714,32123413522,SHOPIFY,Jollein Swaddle Blanket 3 Pack,true,jolswaddle3pack
02dcd191-ae62-11e6-f485-c8fcadb0af0b,9112085714,32123413586,SHOPIFY,Jollein Swaddle Blanket 3 Pack,true,jolswaddle3pack
02dcd191-ae62-11e6-f485-c8fcbe0dbe74,9112085714,32123413650,SHOPIFY,Jollein Swaddle Blanket 3 Pack,true,jolswaddle3pack
02dcd191-ae62-11e7-edd8-12e8643946c0,9112085714,32123413778,SHOPIFY,Jollein Swaddle Blanket 3 Pack,true,jolswaddle3pack
02dcd191-ae62-11e7-edd8-12e86cc8b0b5,9112085714,32123413842,SHOPIFY,Jollein Swaddle Blanket 3 Pack,true,jolswaddle3pack
02dcd191-ae62-11e7-edd8-13ead2b00604,9112085714,36483940562,SHOPIFY,Jollein Swaddle Blanket 3 Pack,true,jolswaddle3pack
02dcd191-ae62-11e7-edd8-13eae7088e95,9112085714,36484159186,SHOPIFY,Jollein Swaddle Blanket 3 Pack,true,jolswaddle3pack
45c6de3d-2da3-fcd8-c8af-0acd7bfb90eb,9112085714,29658498662460,SHOPIFY,Jollein Swaddle Blanket 3 Pack,true,jolswaddle3pack
02dcd191-ae62-11e6-f485-4cbc77334f95,,,USER,Jollein Swaddle Flanel 3 pack,true,JOLSWADDLEFLANE
02dcd191-ae62-11e6-f485-4cbc7744ffae,,,USER,Jollein Wash Cloth Muslin 3 P,true,JOLWASHCLOTHMUS
02dcd191-ae62-11e6-f485-4cbc77585e91,,,USER,Jollein XL Bunny Stonewashed,true,JOLBEARSTONEWAS
02dcd191-ae62-11e6-f485-c90067f3c22c,,,USER,Jollein XL Bunny Stonewashed,true,JOLBEARSTONEWAS
02dcd191-ae62-11e6-f485-4cbc776a7be6,,,USER,Joy Bed Solid Wood Single,true,FJOYBEDSINGLE
02dcd191-ae62-11e6-f485-4cbc777df4ae,10091920146,39127647186,SHOPIFY,Kallax Bookcase 42 x 147,true,FKALLAX42X147
02dcd191-ae62-11e6-f485-4cbc77bb1361,10092097874_unpub,39128237906_unpub,USER,Kallax Bookcase 77x77 high gloss,true,FKALLAX77X77SHI
02dcd191-ae62-11e6-f485-4cbc77f89f27,141410893842_unpub,1355888558098_unpub,USER,Kallax Wheel Set (2 packages of 2 bars and 4 wheels),true,FKALLAXWHEELSET
02dcd191-ae62-11e6-f485-4cbc78317a7c,,,USER,key ring bam bam,true,TOYBAMKEY
02dcd191-ae62-11e6-f485-4cbc7847ae95,,,USER,Key Ring Dwarfs,true,KEYRINGDWARFS
02dcd191-ae62-11e6-f485-4cbc786c7572,,,USER,Kiddie Bench,true,FBENCHWOODKID
02dcd191-ae62-11e6-f485-4cbc787fa64b,,,USER,Kiddie Bench Patio,true,FBENCHPATIO
02dcd191-ae62-11e6-f485-4cbc78b6cae1,,,USER,Kiddie Chair Jungle,true,FCHAIRJUNGLE
02dcd191-ae62-11e6-f485-4cbc78ed938a,,,USER,Kiddie Rocking Chair Small,true,CHAIRKIDSROCK
02dcd191-ae62-11e6-f485-4cbc791c11b6,,,USER,Kiddie Table Jungle,true,FTABLEJUNGLE
02dcd191-ae62-11e6-f485-4cbc79460e29,,,USER,Kiddie Toy Box Jungle,true,FTOYBOXJUNGLE
02dcd191-ae62-11e6-f485-4cbc7959336b,,,USER,kiddies bags knitted ass,true,BAGKIDKNIT
02dcd191-ae62-11e6-f485-4cbc797cc132,,,USER,Kido Bar Bell Rattle,true,KIDOBARBELLRATT
02dcd191-ae62-11e6-f485-4cbc798f2fbb,,,USER,Kido Click & Pop,true,KIDOCLICKPOP
02dcd191-ae62-11e6-f485-4cbc79a1af2d,,,USER,Kido Floating Duck Yellow,true,KIDOFLOATINGDUC
02dcd191-ae62-11e6-f485-4cbc79b53729,,,USER,Kido Go Car Large,true,KIDOGOCARLARGE
02dcd191-ae62-11e6-f485-4cbc79c871ae,,,USER,Kido Hop Bunny,true,KIDOHOPBUNNY
02dcd191-ae62-11e6-f485-4cbc79db89ec,,,USER,Kido Links Rattle,true,KIDOLINKSRATTLE
02dcd191-ae62-11e6-f485-4cbc79ee2610,,,USER,Kido Mini Transport,true,KIDOMINITRANSPO
02dcd191-ae62-11e6-f485-4cbc7a01192f,,,USER,Kido Snap & Twist,true,KIDOSNAPTWIST
02dcd191-ae62-11e6-f485-4cbc7a14554f,,,USER,Kido Stack & Roll Cones,true,KIDOSTACKROLL
02dcd191-ae62-11e6-f485-4cbc7a54173f,,,USER,kids coat rack small,true,HKCOATRACK
02dcd191-ae62-11e6-f485-4cbc7a783a40,,,USER,Kids River Buggy Bizzi Antra,true,KRBUGGYBIZZIANT
02dcd191-ae62-11e6-f485-4cbc7a9dc56f,,,USER,Kids River Buggy Bizzi Taupe,true,KRBUGGYBIZZITAU
02dcd191-ae62-11e6-f485-4cbc7b34c055,,,USER,Kids River Diaper Bag,true,KRDIAPERBAG
02dcd191-ae62-11e6-f485-4cbc7b5bec47,,,USER,Kids river Rocker Grey/Antra,true,KRROCKER
02dcd191-ae62-11e6-f485-4cbc7b70cb6b,,,USER,Kids River Tandem Black,true,KRTANDEM
02dcd191-ae62-11e6-f485-4cbc7c38a036,,,USER,lack bookshelf red,true,FLACKRE
02dcd191-ae62-11e6-f485-4cbc7c4ab1fe,,,USER,Lack Floating Bookshelf,true,FLACKBOOHSHELF
02dcd191-ae62-11e6-f485-4cbc7c5d0eaf,,,USER,Lack Shelf Small 30x26,true,FLACKSHELFS
02dcd191-ae62-11e6-f485-4cbc7c6fdbff,,,USER,Ladder Relax,true,LADDERRELAX
02dcd191-ae62-11e6-f485-4cbc7c81d05a,10158044882,39602295314,SHOPIFY,Lamp Daisy Heart,true,LIDAISYHEART
02dcd191-ae62-11e6-f485-4cbc7ca81aa3,,,USER,Lamp Journey,true,LIJOURNEY
02dcd191-ae62-11e6-f485-4cbc7cbae8b9,,,USER,lamp Laundry Granny mixed,true,LILAUGRANNY
02dcd191-ae62-11e6-f485-4cbc7cccf293,,,USER,Lamp Leaves Plastic (m),true,LIPLASTICLEAVEM
02dcd191-ae62-11e6-f485-4cbc7ce042d3,,,USER,lamp plastic white,true,LIPLASASS
02dcd191-ae62-11e6-f485-4cbc7cf3decf,,,USER,Lamp Plastic Colours Small,true,LIPLASTICCOLSM
02dcd191-ae62-11e6-f485-4cbc7d196c6b,,,USER,Lamp Shade Canvas,true,LISHADEGLOBE
02dcd191-ae62-11e6-f485-4cbc7d2d34fb,,,USER,Lamp Shade Canvas 25x25,true,LILAMPSHADECANV
02dcd191-ae62-11e6-f485-4cbc7d407b2b,,,USER,lamp Tica,true,LILAMPTICA
02dcd191-ae62-11e6-f485-4cbc7d52a860,,,USER,Lampe Shade Clayre & Eef,true,LAMPSHADECE
02dcd191-ae62-11e6-f485-4cbc7d64736d,,,USER,Lamps Stand,true,LAMPSTAND
02dcd191-ae62-11e6-f485-4cbc7d75a26c,,,USER,Lampshade Clayre&Eef 27x39,true,LAMPSHADE27X39
02dcd191-ae62-11e6-f485-4cbc7d8789a6,,,USER,lampshade fagel large,true,LIFAGELLARGE
02dcd191-ae62-11e6-f485-4cbc7d9970d2,,,USER,Lampshade Globe,true,LILAUNGLO
02dcd191-ae62-11e6-f485-4cbc7dbec20d,,,USER,Lampshade Paper blew/pink,true,LIPAPERBALL
02dcd191-ae62-11e6-f485-4cbc7de51230,,,USER,lampshade silver,true,LISILVER
02dcd191-ae62-11e6-f485-4cbc7e099b81,,,USER,Lantern Fish,true,LATERNFISH
02dcd191-ae62-11e6-f485-4cbc7e2d7198,,,USER,Laundry backpack globetrotter,true,BAGLAUNGLOB
02dcd191-ae62-11e6-f485-4cbc7e40bf37,,,USER,Laundry bag assorted,true,LAUNDRYBAG
02dcd191-ae62-11e6-f485-4cbc7e53387d,,,USER,laundry bag Pink Teddy,true,LAUNDRYTEDPI
02dcd191-ae62-11e6-f485-4cbc7e65de19,,,USER,laundry basket pink mix,true,SBLAUPIMIX
02dcd191-ae62-11e6-f485-4cbc7e79278f,,,USER,Laundry chill-jeep vintage,true,FLAUJEEP
02dcd191-ae62-11e6-f485-4cbc7eff11cd,,,USER,Lief Dummy Cord,true,LIEFDUMCORD
02dcd191-ae62-11e6-f485-4cbc7f2741b0,,,USER,Lief Rattle Bird,true,LIEFRATBIRD
02dcd191-ae62-11e6-f485-4cbc7f3b1d83,,,USER,Lief Rattle Monkey,true,LIEFRATMONK
02dcd191-ae62-11e6-f485-4cbc7f4f2ba9,,,USER,Lief Toy Duck,true,LIEFTOYDUCK
02dcd191-ae62-11e6-f485-4cbc7f63c1ad,,,USER,Lighjt Angel with white wings,true,LIANGELWHITEWIN
02dcd191-ae62-11e6-f485-4cbc7f77cca2,,,USER,Light 2018,true,LIGHT2018TABLE
02dcd191-ae62-11e6-f485-4cbc7fb91984,,,USER,Light Angel Gold,true,LIANGEL
02dcd191-ae62-11e6-f485-4cbc7fce52e9,,,USER,Light BamBam Duck Mood light,true,LIDUCKMOODLI
02dcd191-ae62-11e6-f485-4cbc7ff2c8d5,,,USER,Light Bindi Vintage Saree,true,LIBINDIVINTAGE
02dcd191-ae62-11e6-f485-4cbc800b3717,10157772882_unpub,39601145042_unpub,USER,Light Box A5,true,LIBOXA5
02dcd191-ae62-11e6-f485-4cbc80426bb5,,,USER,light Camouflage,true,LIKLCAMOU
02dcd191-ae62-11e6-f485-4cbc8058f636,,,USER,Light Carnaval,true,LICARNIVAL
02dcd191-ae62-11e6-f485-4cbc806cd3a6,,,USER,Light Castle,true,LICASTLE
02dcd191-ae62-11e6-f485-4cbc80904857,10873257682,46510387666,SHOPIFY,Light Bambi Fawn,true,LIDEER
02dcd191-ae62-11e6-f485-4cbc80a2f5ab,,,USER,Light Desk Hobby,true,LIPRESENTHOBBY
02dcd191-ae62-11e6-f485-4cbc80b56505,,,USER,Light Desk Hobby Gold Plated,true,LIPRESENTHOBBGO
02dcd191-ae62-11e6-f485-4cbc80c7d64c,,,USER,Light Flamingo's,true,LIFLAMINGOS
02dcd191-ae62-11e6-f485-4cbc80db0d00,,,USER,light flower,true,LIBLOM
02dcd191-ae62-11e6-f485-4cbc80ed41b6,,,USER,Light Folded Paper,true,LIFOLDEDPAPER
02dcd191-ae62-11e6-f485-4cbc8105a589,,,USER,Light Gypsy Chandelier,true,PRESENTLIGHT
02dcd191-ae62-11e6-f485-4cbc811c8a9c,,,USER,Light Heart,true,LIHEART
02dcd191-ae62-11e6-f485-4cbc8134cfbf,,,USER,Light Icecream,true,LIICECREAM
02dcd191-ae62-11e6-f485-4cbc815bf6bc,,,USER,Light Maskros,true,LIMASKROS
02dcd191-ae62-11e6-f485-4cbc816ea59a,10157603090,39600173074,SHOPIFY,Light Maskros Small,true,LIMASKROSSMALL
02dcd191-ae62-11e6-f485-4cbc8194b2cc,,,USER,Light Miffy Nightlight,true,LIMIFFY
02dcd191-ae62-11e6-f485-4cbc81ba88e7,10287803602,40455061074,SHOPIFY,Light Miffy's Dream,true,LIMIFFYCLOUD
02dcd191-ae62-11e6-f485-4cbc81ddec32,,,USER,light oval cream weave,true,LIOVALCREAM
02dcd191-ae62-11e6-f485-4cbc81f00ce0,,,USER,Light Pabobo Duck,true,LIPABOBODUCK
02dcd191-ae62-11e6-f485-4cbc82022482,,,USER,Light Pabobo Stars,true,LIPABOBOSTAR
02dcd191-ae62-11e6-f485-4cbc821577e2,,,USER,Light Paper Globe,true,LIPAPERGLOBE
02dcd191-ae62-11e6-f485-4cbc82281b4f,,,USER,Light Party Rabbits,true,LIRABBITSPARTY
02dcd191-ae62-11e6-f485-4cbc824e0f0a,,,USER,Light Pink/Red Mushroom,true,LIMUSHROOMPINK
02dcd191-ae62-11e6-f485-4cbc82b0b4f8,,,USER,Light Table 304,true,LITABLE304
02dcd191-ae62-11e6-f485-4cbc82c965cb,10755062226,45460758162,SHOPIFY,Light Toadstool Small Pink,true,LITOADSTOOLL
02dcd191-ae62-11e6-f485-4cbc82dd5325,,,USER,light Traffic Kl,true,LIKLTRAFFIC
02dcd191-ae62-11e6-f485-4cbc82f4539d,,,USER,Light Wall Deer,true,LIDEERWALL
02dcd191-ae62-11e6-f485-4cbc830c3fdc,,,USER,Light Wall Pink Crown,true,LIWALLCROWN
02dcd191-ae62-11e6-f485-4cbc832288bc,,,USER,Light Wicker,true,LIWICKER
02dcd191-ae62-11e6-f485-4cbc833a1471,,,USER,Light Wicker/Fabric,true,LIWICKERFABR
02dcd191-ae62-11e6-f485-4cbc83504181,,,USER,Light Wood,true,LIWOOD
02dcd191-ae62-11e6-f485-4cbc837df190,,,USER,little Bag Laundry indian rose,true,BAGLAUINDIAN
02dcd191-ae62-11e6-f485-4cbc83a94927,,,USER,loft revival pearl lampshade,true,LIPEAERL
02dcd191-ae62-11e6-f485-4cbc83f91fd9,,,USER,Lolly Makers Bunny,true,LOLLYMAKERSBUN
02dcd191-ae62-11e6-f485-4cbc841712bd,,,USER,long pink heart roses,true,WDHEARTROSE
02dcd191-ae62-11e6-f485-4cbc842f2c09,,,USER,Luch Box Smaska,true,SBSMASKA
02dcd191-ae62-11e6-f485-4cbc8443f51c,,,USER,Lunch Bag Flor,true,BAGFLOR
02dcd191-ae62-11e6-f485-4cbc847aa67e,,,USER,Lunch Box Fox,true,SBLUNCHBOXFOX
02dcd191-ae62-11e6-f485-4cbc848cb910,,,USER,Lunch Box Purse,true,SBLUNCKBOXPURSE
02dcd191-ae62-11e6-f485-4cbc849e3fdd,,,USER,Lunch Box Space,true,SBLUNCHSPACE
02dcd191-ae62-11e6-f485-4cbc84d7caf0,,,USER,Lunchbag Party Animals,true,BAGLUNCHPARTYAN
02dcd191-ae62-11e6-f485-4cbc85126ebc,,,USER,Madrid Desk,true,FMADRIDDESK
02dcd191-ae62-11e6-f485-4cbc8524da89,,,USER,Magazine Holder Mint,true,MAGAZINEHOLDER
02dcd191-ae62-11e6-f485-4cbc8536afc2,9122991122,32215051602,SHOPIFY,De Eekhoorn Magazine Rack,true,fmagazinerack
02dcd191-ae62-11e6-f485-4cbc85482192,,,USER,magnet board,true,WDMAGBOARD
02dcd191-ae62-11e6-f485-4cbc8559a191,,,USER,Magnet Board with Fish,true,WDMAGNETHK
02dcd191-ae62-11e6-f485-4cbc856c298c,,,USER,magnet bunny squirl bok,true,MAGBSB
02dcd191-ae62-11e6-f485-4cbc858fb15e,,,USER,Magnet House,true,WDMAGNHOUSE
02dcd191-ae62-11e6-f485-4cbc85b8182e,,,USER,Magnets pack of 4,true,MAGNETSX4
02dcd191-ae62-11e6-f485-4cbc86032591,,,USER,Make Up Bag Owl,true,BAGMAKEUPOWL
02dcd191-ae62-11e6-f485-4cbc8618862e,,,USER,make your own bunting,true,WDBUNTINGOWN
02dcd191-ae62-11e6-f485-4cbc862b3896,9968868946,38490532050,SHOPIFY,Malm Bed single 199cm x 106cm,true,FMALMBEDSINGLE
02dcd191-ae62-11e6-f485-4cbc863fa840,9999992210,38692712210,SHOPIFY,Malm Desk White,true,FMALMDESK
02dcd191-ae62-11e6-f485-4cbc86750748,10753069010,45436387602,SHOPIFY,Malm Pedestal 2 drawers,true,FMALMPEDESTAL
02dcd191-ae62-11e6-f485-4cbc869b8ca7,,,USER,Malmo Cot 120x60,true,FMALMOCOT
02dcd191-ae62-11e6-f485-4cbc86ad9f3c,,,USER,Malmo Cot Bed 140x70,true,FMALMOCOTBED
02dcd191-ae62-11e6-f485-4cbc86c0815d,9974605714,38528971090,SHOPIFY,Marseille Compactum,true,FMARSEILLECOMPA
02dcd191-ae62-11e6-f485-4cbc86f9cfde,10564798610,43552870162,SHOPIFY,Marseille Wardrobe 2 doors 2drawers,true,FMARSEIILEWARDR
02dcd191-ae62-11e6-f485-4cbc8766929d,,,USER,Maternity Belt,true,CDPREGPOUCH
02dcd191-ae62-11e6-f485-4cbc877bac54,9969126994,38492576338,SHOPIFY,Mattress Bamboopaedic 120 cm x 60 cm,true,FMATTBAMB120X60
02dcd191-ae62-11e6-f485-4cbc87a3df9b,,,USER,Mattress Bamboopaedic Mixnmatch crib 80x40,true,FMATTCRIB
02dcd191-ae62-11e6-f485-4cbc87b81e1d,,,USER,Mattress Bopita 70*140,true,FMATTRESSBOPITA
02dcd191-ae62-11e6-f485-4cbc8851a61f,684985221180,8339692814396,SHOPIFY,Mattress Spring Vita 91x200,true,FMATTSPRING200
02dcd191-ae62-11e6-f485-4cbc8868043f,,,USER,Maxi Cosi additional cover,true,MCCOVER
02dcd191-ae62-11e6-f485-4cbc888e6776,10248864658,40202399954,SHOPIFY,Maxi Cosi Cabrio/Pebble rainco,true,MCRAINCOVER
02dcd191-ae62-11e6-f485-4cbc88b44a3d,10294945810_unpub,40529255954_unpub,USER,Maxi Cosi Milofix carseat 0-18,true,MCMILOFIX-1
02dcd191-ae62-11e6-f485-4cbc88c6d89b,,,USER,Maxi Cosi Mosquitonet,true,MCMOSINET
02dcd191-ae62-11e6-f485-4cbc88d8e95d,,,USER,Maxi Cosi Pearl Seatbelt strap,true,MCPEARLSEATBELT
02dcd191-ae62-11e6-f485-4cbc88eb0211,,,USER,Maxi Cosi Pebble Seat reducer,true,MCPEBSEATREDUCE
02dcd191-ae62-11e6-f485-4cbc88fcf5a7,,,USER,Maxi Cosi Suncanopy stage 1,true,MCSUNCANOPY
02dcd191-ae62-11e6-f485-4cbc890fb662,,,USER,Maxi-Cosi Belts Pads,true,MCBELTPADS
02dcd191-ae62-11e6-f485-4cbc893a5d94,,,USER,Maxi-Cosi Cabriofix Cover add,true,MCCABRIOCOVER
02dcd191-ae62-11e6-f485-4cbc89606db8,,,USER,Maxi-Cosi stalle ad,true,MCCUPH
02dcd191-ae62-11e6-f485-4cbc8972d1fa,,,USER,Maxi-Cosi Easy Base 2 belt,true,MCEASYBASE2
02dcd191-ae62-11e6-f485-4cbc8984bf30,10208554578_unpub,39913409234_unpub,USER,Maxi-Cosi Family Fix Two Way,true,MCFAMILYTWOWAY
02dcd191-ae62-11e6-f485-4cbc89971b7f,10208626706,39914992018,SHOPIFY,Maxi-Cosi Family-Fix base,true,MCFAMBASE
02dcd191-ae62-11e6-f485-4cbc89aab1ef,,,USER,Maxi-Cosi Opal Group 0-1,true,MCOPAL
02dcd191-ae62-11e6-f485-4cbc89bcf8bb,10295113426_unpub,40531603346_unpub,USER,Maxi-Cosi Pearl group 1,true,MCPEARL
02dcd191-ae62-11e7-f130-7b852c6bf223,10295113426_unpub,40531625810_unpub,USER,Maxi-Cosi Pearl group 1,true,MCPEARL
02dcd191-ae62-11e6-f485-4cbc89cfe27f,10295346642,40534811602,SHOPIFY,Maxi-Cosi Pearl Pro I Size,true,mcpearlpro
02dcd191-ae62-11e7-edd8-027a42458466,10295346642,40534811730,SHOPIFY,Maxi-Cosi Pearl Pro I Size,true,mcpearlpro
02dcd191-ae62-11e7-edd8-1c3de754566a,10295346642,40534811794,SHOPIFY,Maxi-Cosi Pearl Pro I Size,true,mcpearlpro
02dcd191-ae62-11e7-f130-7b8c18b30f3d,10295346642,40534811858,SHOPIFY,Maxi-Cosi Pearl Pro I Size,true,mcpearlpro
843b49b1-75ae-7993-c103-506f2b889385,10295346642,9369059393596,SHOPIFY,Maxi-Cosi Pearl Pro I Size,true,mcpearlpro
f7e4818a-f311-ce6f-7034-991af810096f,10295346642,,SHOPIFY,Maxi-Cosi Pearl Pro I Size,true,mcpearlpro
02dcd191-ae62-11e6-f485-4cbc89f5790b,,,USER,Maxi-Cosi Pebble red,true,MCPEBBLE
02dcd191-ae62-11e6-f485-4cbc8a082833,10261508306,40272166866,SHOPIFY,Maxi-Cosi Pocket,true,MCPOCKET
02dcd191-ae62-11e6-f485-4cbc8a1b4622,10304996946_unpub,40634065426_unpub,USER,Maxi-Cosi Rodi Airprotect (2),true,MCRODIBL
02dcd191-ae62-11e7-f130-7c322b2b2efb,10304996946_unpub,40634263058_unpub,USER,Maxi-Cosi Rodi Airprotect (2),true,MCRODIBL
02dcd191-ae62-11e6-f485-4cbc8a417de5,10304602130,40630422546,SHOPIFY,Maxi-Cosi Rubi group 1 carseat,true,MCRUBY918KG
02dcd191-ae62-11e6-f485-4cbc8a54a914,,,USER,Maxi-Cosi seasonset,true,MCSEASONSET
02dcd191-ae62-11e6-f485-4cbc8a686f71,143818424338,1392096313362,SHOPIFY,Maxi-cosi summer cover,true,MCSUMCOV
02dcd191-ae62-11e6-f485-4cbc8a7d4aee,105940647954,1019990769682,SHOPIFY,Maxi-Cosi Tobi,true,MCTOBI
02dcd191-ae62-11e7-f130-7c2533bb33e8,105940647954,1019990802450,SHOPIFY,Maxi-Cosi Tobi,true,MCTOBI
02dcd191-ae62-11e7-f130-7c254034acac,105940647954,32152541626428,SHOPIFY,Maxi-Cosi Tobi,true,MCTOBI
02dcd191-ae62-11e7-f130-7c25464755e8,105940647954,1019990867986,SHOPIFY,Maxi-Cosi Tobi,true,MCTOBI
02dcd191-ae62-11e6-f485-4cbc8ab744a0,,,USER,Maxicosi Pebble Seat/head cush,true,MCPSEATHEADCUSH
02dcd191-ae62-11e6-f485-4cbc8acd36d9,,,USER,Memo Board Clayre & Eef,true,WDMEMOCE
02dcd191-ae62-11e6-f485-4cbc8ae136bb,,,USER,memo board cottage,true,WDMEMOBOA
02dcd191-ae62-11e6-f485-4cbc8b1fe34f,,,USER,Mery Mery Advent Village,true,MERYADVENTVILLA
02dcd191-ae62-11e6-f485-4cbc8b33aed8,,,USER,Mery Mery Be Jolly Cups,true,MERYBEJOLLYCUP
02dcd191-ae62-11e6-f485-4cbc8b48179c,,,USER,Mery Mery Be jolly Garlands,true,MERYBEJOLLYGAR
02dcd191-ae62-11e6-f485-4cbc8b5decad,,,USER,Mery Mery Centerpiece,true,MERYCENTERPIECE
02dcd191-ae62-11e6-f485-4cbc8b728c78,,,USER,Mery Mery Crackers,true,MERYCRACKERS
02dcd191-ae62-11e6-f485-4cbc8b863d4c,,,USER,Mery Mery Garlands Assorted,true,MERYGARLANDSASS
02dcd191-ae62-11e6-f485-4cbc8b9aaf12,,,USER,Mery Mery Gift Labels,true,MERYGIFTLABELS
02dcd191-ae62-11e6-f485-4cbc8bc9203b,,,USER,Mery Mery Toy shop advent Cale,true,MERYADVENTTOYSH
02dcd191-ae62-11e6-f485-4cbc8bdf00ea,,,USER,metal bird hanger garland,true,HABIRDSMET
02dcd191-ae62-11e6-f485-4cbc8bf1ddd0,,,USER,Metal Coatrack Global Affairs,true,HKMETALCOATR
02dcd191-ae62-11e6-f485-4cbc8c0407f4,,,USER,metal hanging birds,true,WDHANGBIRDS
02dcd191-ae62-11e6-f485-4cbc8c15d499,,,USER,Metal Hook with text,true,HKMETALHOOK
02dcd191-ae62-11e6-f485-4cbc8c275b8a,,,USER,metal memo bord deer KL,true,HKKLREIN
02dcd191-ae62-11e6-f485-4cbc8c39b8d8,,,USER,metal walldeco boards,true,WDMETALBO
02dcd191-ae62-11e6-f485-4cbc8c700865,4474148847676,31873755578428,SHOPIFY,Milestone Baby Cards,true,MILESTONECARDS
02dcd191-ae62-11e6-f485-4cbc8c822375,,,USER,Milestone Pregnancy Cards,true,MILESTONECARDSP
02dcd191-ae62-11e6-f485-4cbc8c9398a8,,,USER,Milestone Twin Cards,true,MILESTONETWIN
02dcd191-ae62-11e6-f485-4cbc8cb6b1ee,,,USER,mini 3 heart hook rose,true,HK3HEARTRO
02dcd191-ae62-11e6-f485-4cbc8cc9948b,,,USER,Mini Lights Woodland Mushroom,true,LIMUSHROOM
02dcd191-ae62-11e6-f485-4cbc8d03b962,,,USER,Mirre Dresser,true,FMIRREDRESSER
02dcd191-ae62-11e6-f485-4cbc8d170835,,,USER,Mirre Shelf,true,FMIRRESHELF
02dcd191-ae62-11e6-f485-4cbc8d4e1899,,,USER,Mirror Cake,true,MIRRORCAKE
02dcd191-ae62-11e6-f485-4cbc8d60df51,,,USER,mirror fabic frame,true,WDMIRRORFA
02dcd191-ae62-11e6-f485-4cbc8d754af5,,,USER,mirror fabric Donna,true,WDMIRRORDON
02dcd191-ae62-11e6-f485-4cbc8d86f1b6,,,USER,Mirror Heart MJ,true,WDMIRRORMJ
02dcd191-ae62-11e6-f485-4cbc8dae1e66,,,USER,Mirror Metal,true,MIRRORMET
02dcd191-ae62-11e6-f485-4cbc8dbfe86b,,,USER,Mirror Owl,true,WDMIRROROWL
02dcd191-ae62-11e6-f485-4cbc8dd41d04,,,USER,Mirror Silver Heart,true,MIRRORSILHEART
02dcd191-ae62-11e6-f485-4cbc8e0bd7f9,9826075154,36833057618,SHOPIFY,Mix & Match Crib 80X40,true,fmixmatchcrib
02dcd191-ae62-11e6-f485-4cbc8e3706ae,,,USER,MJ Design Duvet set Cot,true,MJDUVSETCOT
02dcd191-ae62-11e6-f485-4cbc8e4cc2a2,,,USER,MJ Duvet set Single Size,true,MJDUVETSETSINGL
02dcd191-ae62-11e6-f485-4cbc8e759f65,,,USER,mobile boys&frogs,true,MOBOYSFROGS
02dcd191-ae62-11e6-f485-4cbc8e88939d,,,USER,mobile crystal & wood chand,true,MOCHANDELIER
02dcd191-ae62-11e6-f485-4cbc8e9c50e6,,,USER,Mobile Fabric Star,true,MOBLIVINGLIFE
02dcd191-ae62-11e6-f485-4cbc8ec40a92,,,USER,mobile felt assorted,true,MOFELTASS
02dcd191-ae62-11e6-f485-4cbc8ee9f03c,,,USER,Mobile Flower Plastic,true,MOBILEFLOWERSPL
02dcd191-ae62-11e6-f485-4cbc8efe17ba,,,USER,Mobile Magical Night Mobile,true,MOBILEMAGICALNI
02dcd191-ae62-11e6-f485-4cbc8f11f2d7,,,USER,Mobile Mixes Stars,true,MOBILESTARS
02dcd191-ae62-11e6-f485-4cbc8f267523,,,USER,Mobile Moon with Stars,true,MOBMOONSTARS
02dcd191-ae62-11e6-f485-4cbc8f3be4ea,,,USER,mobile music puk,true,MOCOTPUK
02dcd191-ae62-11e6-f485-4cbc8f570b0c,,,USER,Mobile Safari,true,MOBSAFARI
02dcd191-ae62-11e6-f485-4cbc8f6e4d10,,,USER,Mombella Bath Toys,true,MOMBELLABATHTOY
02dcd191-ae62-11e6-f485-4cbc8f853300,10261975250,40277587602,SHOPIFY,Mombella Octopus Teether,true,MOMBELLAOCTOPUS
02dcd191-ae62-11e7-f130-79078a151709,10261975250,40277813202,SHOPIFY,Mombella Octopus Teether,true,MOMBELLAOCTOPUS
02dcd191-ae62-11e7-f130-79078f04dc37,10261975250,40277814674,SHOPIFY,Mombella Octopus Teether,true,MOMBELLAOCTOPUS
02dcd191-ae62-11e7-f130-79079b3650a0,10261975250,40277821842,SHOPIFY,Mombella Octopus Teether,true,MOMBELLAOCTOPUS
02dcd191-ae62-11e6-f485-4cbc8f9896a5,,,USER,Mombella Teether Assorted,true,MOMBELLATEETHER
02dcd191-ae62-11e6-f485-4cbc8fd2161b,,,USER,Money Boc Car / Plane,true,XSMONEYBOXCAR
02dcd191-ae62-11e6-f485-4cbc8fe54a8d,,,USER,Money Box Rabbit,true,MONEYBOXRABBIT
02dcd191-ae62-11e6-f485-4cbc8ff78bfa,,,USER,Monk Design Cards,true,MONKDESIGNCARDS
02dcd191-ae62-11e6-f485-4cbc90098b86,,,USER,Moose head,true,WDMOOSE
02dcd191-ae62-11e6-f485-4cbc901d6d79,,,USER,Mosquitenet Ibiza White,true,MOSNETIBIZAWH
02dcd191-ae62-11e6-f485-4cbc902fe739,,,USER,Mosquito net Ibiza Flowers,true,MOSIBIZAFLOWER
02dcd191-ae62-11e6-f485-4cbc90422cbc,,,USER,mosquito net multicolour,true,NETMOSMULTI
02dcd191-ae62-11e6-f485-4cbc9079a449,,,USER,Mosquito net Pink Check,true,MOSNETPIDOT
02dcd191-ae62-11e6-f485-4cbc90ca7e6e,10167994322,39689676434,SHOPIFY,Mosquito net Surprise Cream,true,MOSWH
02dcd191-ae62-11e6-f485-4cbc90ddcd8d,,,USER,mosquito net surprise rasberry,true,MOSRASB
02dcd191-ae62-11e6-f485-4cbc910415d1,,,USER,Mosquitonet Ibiza Jade,true,MOSNETIBIZAJADE
02dcd191-ae62-11e6-f485-4cbc91168b2e,10217793874,39974437266,SHOPIFY,Mosquito net Surprise Pink,true,MOSPISUR
02dcd191-ae62-11e6-f485-4cbc91290126,,,USER,mosquitonet white bleu,true,MOSWHITEBLEU
02dcd191-ae62-11e6-f485-4cbc913b4d52,,,USER,Mouse Silver Wood,true,TOYMONEYMOUSE
02dcd191-ae62-11e6-f485-4cbc914da0d4,,,USER,mug flower,true,MUGFLOWER
02dcd191-ae62-11e6-f485-4cbc9163f21e,,,USER,Musib Box Mechanique,true,MUBOXMECHANIC
02dcd191-ae62-11e6-f485-4cbc919eb944,,,USER,Music Box ass Songs,true,MUBOXINNER
02dcd191-ae62-11e6-f485-4cbc91b08872,,,USER,music box car,true,MUBOXCAR
02dcd191-ae62-11e6-f485-4cbc91d3fd4c,,,USER,music box house,true,MUBOXHOUSE
02dcd191-ae62-11e6-f485-4cbc91e5bef7,,,USER,Music Box Jewellery drawer,true,TOYMUSICFAIRYDR
02dcd191-ae62-11e6-f485-4cbc91f82010,,,USER,music box Laundry hedgehog,true,MUBOXLAU
02dcd191-ae62-11e6-f485-4cbc920b69bc,,,USER,Music Box Lovely,true,MUBOXLOVELY
02dcd191-ae62-11e6-f485-4cbc921f395d,,,USER,music box oul pink,true,MUBOXOULPI
02dcd191-ae62-11e6-f485-4cbc92334dda,,,USER,Music Box Owl,true,MUBOXOWL
02dcd191-ae62-11e6-f485-4cbc92467427,,,USER,Music Box Prince,true,MUBOXPRINCE
02dcd191-ae62-11e6-f485-4cbc926c02bd,,,USER,Music Mobile ' on the Farm',true,MUBOXONTHEFARM
02dcd191-ae62-11e6-f485-4cbc927f33c7,,,USER,Music Mobile Miffy,true,MOBOXMIFFY
02dcd191-ae62-11e7-edd8-1853abbb9358,,,USER,Music Mobile Miffy,true,MOBOXMIFFY
02dcd191-ae62-11e6-f485-4cbc92cfd433,,,USER,musical box Kimono girl,true,MUSICBOXKIM
02dcd191-ae62-11e6-f485-4cbc92e4a777,,,USER,musical rocket,true,MUBOXROCKET
02dcd191-ae62-11e6-f485-4cbc92fabf06,,,USER,Muslin Blankets pack of 6,true,BLMUSLIN
02dcd191-ae62-11e6-f485-4cbc930f78dd,,,USER,Muslin Giftbox BamBam,true,BLMUSLINBAM
02dcd191-ae62-11e6-f485-4cbc932362a6,,,USER,Mustachifier,true,MUSTACHIFIER
02dcd191-ae62-11e6-f485-4cbc939771a1,9975556626,38538074450,SHOPIFY,Corsica Shelf,true,FNAPOLISHELF
02dcd191-ae62-11e6-f485-4cbc93b1d251,,,USER,Nappy Stacker Tica,true,NAPPYSTACKERTIC
02dcd191-ae62-11e6-f485-4cbc93cb0999,,,USER,necklace animal,true,NECKANIMAL
02dcd191-ae62-11e6-f485-4cbc93fbfd7d,,,USER,necklace Heart BamBam,true,NECHEART
02dcd191-ae62-11e6-f485-4cbc94158a4f,27331657746_unpub,218547945490_unpub,USER,New Life Compactum White,true,FNEWLIFECOMPACT
02dcd191-ae62-11e6-f485-4cbc942e5ac1,27350466578_unpub,218872643602_unpub,USER,New Life Cot Concrete Grey,true,FNEWLIFECOTCONC
02dcd191-ae62-11e6-f485-4cbc94c33191,,,USER,New Life Storage Box,true,FNEWLIFESTORAGE
02dcd191-ae62-11e6-f485-4cbc94dbd608,,,USER,Night Light Bear,true,LINIGHTBEAR
02dcd191-ae62-11e6-f485-4cbc94f423f4,,,USER,night light frog,true,LIFROG
02dcd191-ae62-11e6-f485-4cbc950badce,,,USER,Night light laying rabbit,true,LIGHTLAYRABBIT
02dcd191-ae62-11e6-f485-4cbc9589b9c5,,,USER,Nightlight Spoka,true,LISPOKA
02dcd191-ae62-11e6-f485-4cbc959be396,,,USER,Nightlight Squirrel,true,LINISQUIRL
02dcd191-ae62-11e6-f485-4cbc95e558ad,,,USER,Nocturnal Affair Cellular Blan,true,NOCTCELLBLANKET
02dcd191-ae62-11e6-f485-4cbc961ceeaa,,,USER,Nocturnal Affair Duvet Oxford,true,NOCTDUVETOXFORD
02dcd191-ae62-11e6-f485-4cbc967d15b8,,,USER,Nocturnal blank Cell star,true,NOCTCELLBLDOT
02dcd191-ae62-11e6-f485-4cbc96a2cddd,,,USER,Nocturnal bumper plain,true,NOCTBUMPERPLAIN
02dcd191-ae62-11e6-f485-4cbc96b4aab8,,,USER,Nocturnal cell blanket fairy,true,NOCTCELLBLFAIRY
02dcd191-ae62-11e6-f485-4cbc96c7e5d6,,,USER,Nocturnal cellblanket veld ani,true,NOCTCELLBLVELDA
02dcd191-ae62-11e6-f485-4cbc96db0b19,,,USER,Nocturnal cellular bl farm ani,true,NOCTCELLBLFARM
02dcd191-ae62-11e6-f485-4cbc96ee96bd,,,USER,Nocturnal cellular bl wild,true,NOCTCELLBLWILDA
02dcd191-ae62-11e6-f485-4cbc97047d32,,,USER,Nocturnal Changing Mat Cover,true,NOCTCHANGEMATCO
02dcd191-ae62-11e6-f485-4cbc9718ef5b,,,USER,Nocturnal Cot Bumper,true,NOCTBUMPERDOTS
02dcd191-ae62-11e8-ed44-30ed4a2f3215,,,USER,Nocturnal Cot Bumper,true,NOCTBUMPERDOTS
02dcd191-ae62-11e6-f485-4cbc9805b703,,,USER,NOT FOR SALE,true,ITEM
02dcd191-ae62-11e6-f485-4cbc984ff07d,,,USER,Nuna Jersey cotton fitsheet,true,NUNAJERSEYFIT
02dcd191-ae62-11e6-f485-4cbc9862e1d6,,,USER,Nuna Leaf assorted,true,NUNALEAFASS
02dcd191-ae62-11e6-f485-4cbc987404b4,,,USER,Nuna leaf Canopy,true,NUNALEAFCANOPY
02dcd191-ae62-11e6-f485-4cbc989820e4,,,USER,Nuna Leaf Toy,true,NUNALEAFTOY
02dcd191-ae62-11e6-f485-4cbc98ab0ae1,,,USER,Nuna Leaf Toybar,true,NUNLEAFTOYBAR
02dcd191-ae62-11e6-f485-4cbc997a1618,,,USER,Nuna Senna Fitted sheet,true,NUNASENNAFITSHE
02dcd191-ae62-11e6-f485-4cbc998bc2a7,9826107346,36833660178,SHOPIFY,Nuna Sena Large campcot,true,nunasennalrg
02dcd191-ae62-11e7-f130-57edb801465a,9826107346,36833660242,SHOPIFY,Nuna Sena Large campcot,true,nunasennalrg
02dcd191-ae62-11e6-f485-4cbc99b42993,,,USER,Nuna Senna Mini crib,true,NUNASENNAMINI
02dcd191-ae62-11e6-f485-4cbc99ee5778,,,USER,Oh-lief Aqueous cream,true,OHAQUEOUSCREAM
02dcd191-ae62-11e6-f485-4cbc9a013b93,,,USER,Oh-lief baby shampoo,true,OHBABYSHAMPOO
02dcd191-ae62-11e6-f485-4cbc9a135c20,,,USER,Oh-lief baby wax,true,OHBABYWAX
02dcd191-ae62-11e6-f485-4cbc9a270f84,,,USER,Oh-lief giftbox,true,OHGIFTBOX
02dcd191-ae62-11e6-f485-4cbc9a3c92af,,,USER,Oh-lief insect balm,true,OHINSECTBALM
02dcd191-ae62-11e6-f485-4cbc9a50c013,,,USER,Oh-lief olive bumbalm,true,OHBUMBALM
02dcd191-ae62-11e6-f485-4cbc9a631c9d,,,USER,Oh-lief tummy wax,true,OHTUMMYWAX
02dcd191-ae62-11e6-f485-4cbc9a75c49c,,,USER,Ohlief sunscreen face stick,true,NATSUNSFACESTI
02dcd191-ae62-11e6-f485-4cbc9a892cd6,,,USER,Oldwood/White shelf cube,true,FOLDWOODSHELF
02dcd191-ae62-11e6-f485-4cbc9a9bfa3c,,,USER,Oldwood/white shelf Cube white,true,FOLDWOODCUBEWH
02dcd191-ae62-11e6-f485-4cbc9aaea53f,,,USER,Olivia Black Bag,true,BABYFIRSTOLIVIA
02dcd191-ae62-11e6-f485-4cbc9ac144c8,,,USER,Organiser City Desk,true,SBILOVEWORK
02dcd191-ae62-11e6-f485-4cbc9ad46781,,,USER,Overnight bag car aqua,true,BAGCARSWE
02dcd191-ae62-11e6-f485-4cbc9afb6219,,,USER,Pacifier BamBam,true,PACIFIERBAMBAM
02dcd191-ae62-11e6-f485-4cbc9b0fddd4,10468326162,42348326546,SHOPIFY,Pacifier Bitten,true,PACIFIERBITTEN
02dcd191-ae62-11e7-f130-88b8b5a20e11,10468326162,42348326610,SHOPIFY,Pacifier Bitten,true,PACIFIERBITTEN
02dcd191-ae62-11e7-f130-88b8be17a7a0,10468326162,42348326674,SHOPIFY,Pacifier Bitten,true,PACIFIERBITTEN
02dcd191-ae62-11e7-f130-88b903e4ff73,10468326162,42348373266,SHOPIFY,Pacifier Bitten,true,PACIFIERBITTEN
0a4735cc-4962-11e7-fc9e-d32c995ba76e,10468326162,681662185490,SHOPIFY,Pacifier Bitten,true,PACIFIERBITTEN
02dcd191-ae62-11e6-f485-4cbc9b23ad45,,,USER,Pacifier Volume,true,PACIFIERVOLUME
02dcd191-ae62-11e6-f485-4cbc9b39cb23,,,USER,painted assorted,true,PICFISH
02dcd191-ae62-11e6-f485-4cbc9b4e44e2,,,USER,Painyng Text,true,WDPAINTEXT
02dcd191-ae62-11e6-f485-4cbc9b623450,,,USER,paiting Text Large,true,WDPAINTTXETL
02dcd191-ae62-11e6-f485-4cbc9b8754ae,,,USER,Paper Ball,true,WDPAPERBALL
02dcd191-ae62-11e6-f485-4cbc9bc3b6a7,,,USER,Pencase Happy / Traffic,true,PENCASEHAPPYTRA
02dcd191-ae62-11e6-f485-4cbc9bd6028e,,,USER,Pencil Box Vint.Worl Map,true,SBPENCILWORLD
02dcd191-ae62-11e6-f485-4cbc9be8710b,,,USER,Pencil Box World Map,true,PENCILBOX
02dcd191-ae62-11e6-f485-4cbc9bfa3305,,,USER,Pendant Mexican Bola Silver,true,PENDANTMEXBOLA
02dcd191-ae62-11e6-f485-4cbc9c0b6ef3,,,USER,Photo Frame Braxton Large,true,WDPHOTOBRAXTONL
02dcd191-ae62-11e6-f485-4cbc9c1e7c67,,,USER,Photo Frame Braxton M,true,WDPHOTOBRAXTONM
02dcd191-ae62-11e6-f485-4cbc9c30de46,,,USER,Photo Frame Braxton small,true,WDPHOTOBRAXTONS
02dcd191-ae62-11e6-f485-4cbc9c445e96,,,USER,Photo Frame Hand painted l,true,FRAMEPHOTHAL
02dcd191-ae62-11e6-f485-4cbc9c57e11b,,,USER,Photo Frame Hand Painted s,true,FRAMEPHOTOHAND
02dcd191-ae62-11e6-f485-4cbc9c6ad15c,,,USER,photo frames,true,FRPHOTO
02dcd191-ae62-11e6-f485-4cbc9c7d5692,,,USER,photo holder lt pink l,true,FRAMEHLDR
02dcd191-ae62-11e6-f485-4cbc9c8f6805,,,USER,Photobook,true,PHOTOBOOK
02dcd191-ae62-11e6-f485-4cbc9ca24699,,,USER,Picture Frame Classic Flower,true,WDPICFRFL
02dcd191-ae62-11e6-f485-4cbc9cb45d57,,,USER,piece of cake birth festoon pi,true,WALLFLACAPI
02dcd191-ae62-11e6-f485-4cbc9cc6b5c3,,,USER,Piggu Bank Duck,true,PIGGYBANKDUCK
02dcd191-ae62-11e6-f485-4cbc9cfe77a7,,,USER,Pillow Case Cotton L/Grey,true,PILLOWCASECOTTO
02dcd191-ae62-11e6-f485-4cbc9d237792,,,USER,pillow case plain,true,NIKINUPILLOWPLA
02dcd191-ae62-11e6-f485-4cbc9d362844,,,USER,Pillow Case Print Egt. Cotton,true,NIKINUPILLOWCAS
02dcd191-ae62-11e6-f485-4cbc9d4a55be,,,USER,Pillow inner 100% Goose Down,true,NIKINUINNERPILL
02dcd191-ae62-11e6-f485-4cbc9d5bed31,,,USER,Pillow Martell incl inner,true,PILLOWMARTELL
02dcd191-ae62-11e6-f485-4cbc9d6d4661,,,USER,Pillowcase Exped conti Angora,true,PILLEXPEDANGORA
02dcd191-ae62-11e6-f485-4cbc9db69015,,,USER,Pincushion Mouse,true,PINCUSHION
02dcd191-ae62-11e6-f485-4cbc9dc98077,,,USER,pine box sand,true,SBWOODGR
02dcd191-ae62-11e6-f485-4cbc9ddce46b,,,USER,pine box white,true,SBWOODWH
02dcd191-ae62-11e6-f485-4cbc9deee288,,,USER,plaid white stars 85x105,true,LINPLAIDSTAR
02dcd191-ae62-11e6-f485-4cbc9e020697,,,USER,plain Oxford cor D/cover,true,DUVOXFORT
02dcd191-ae62-11e6-f485-4cbc9e176b94,,,USER,Plain White Pillow case 40x60,true,XAANPLAINPILLOWCASE
02dcd191-ae62-11e6-f485-4cbc9e509d7f,,,USER,plaster cross white on bl,true,CROSPLASBL2
02dcd191-ae62-11e6-f485-4cbc9e6363d9,,,USER,plaster heart holw white,true,HEARTHPLASW
02dcd191-ae62-11e6-f485-4cbc9e76c0a0,,,USER,plaster heart popout white,true,HEARTPLASPO
02dcd191-ae62-11e6-f485-4cbc9e8a50e2,,,USER,plaster heart sand solid,true,HEARTPLASSA
02dcd191-ae62-11e6-f485-4cbc9e9d9f4d,,,USER,plaster heart solid white`,true,HEARTPLASWH
02dcd191-ae62-11e6-f485-4cbc9ef00fa9,,,USER,plastic flags,true,WALLFLAPL
02dcd191-ae62-11e6-f485-4cbc9f03d709,,,USER,Plastic Forest Friends,true,FABRICANIMALS
02dcd191-ae62-11e6-f485-4cbc9f176c3f,,,USER,plastic hooks multi colour,true,HKPLASTIC
02dcd191-ae62-11e6-f485-4cbc9f2cf5f3,,,USER,plastic polka pop bag,true,BAGPLPOLK
02dcd191-ae62-11e6-f485-4cbc9f525fe1,,,USER,plastic weekender bag ass,true,BAGKIDPLL
02dcd191-ae62-11e6-f485-4cbc9f7c87de,,,USER,Play Mat WhiteHearts Dynamic C,true,PLAYMATASS
02dcd191-ae62-11e6-f485-4cbc9fe8f14a,,,USER,Playpen Brent dark Grey,true,FPLAYBRBRO
02dcd191-ae62-11e6-f485-4cbca0327cb8,,,USER,Pluch Sheep 50 cm,true,TOYPLUCHSHEEP
02dcd191-ae62-11e6-f485-4cbca06aec74,,,USER,poedel plastic,true,TOYPOEDEL
02dcd191-ae62-11e6-f485-4cbca07d26fc,,,USER,pola pop hanger flower,true,HAFLOWERPO
02dcd191-ae62-11e6-f485-4cbca0c74552,2375359791164,21399186604092,SHOPIFY,Potty Lockig,true,POTTYLOCKIG
02dcd191-ae62-11e6-f485-4cbca0d9fdb0,,,USER,Pouch Sling,true,SLINGPOUCHRC
02dcd191-ae62-11e6-f485-4cbca0ecdbfc,,,USER,Pouf Apollo Rocket,true,FAPOLLOROCKET
02dcd191-ae62-11e6-f485-4cbca0ff72e7,,,USER,Pouf Ibiza Elephant,true,FIBIZAPOPUFELE
02dcd191-ae62-11e6-f485-4cbca1239280,,,USER,Pram deco Jungle,true,DECOPRAMJU
02dcd191-ae62-11e6-f485-4cbca135c480,,,USER,pram hand bag holder/hook,true,HKHANDBAG
02dcd191-ae62-11e6-f485-4cbca147e48e,,,USER,Present Time Blanket GeoForest,true,PRESENTBLANKGEO
02dcd191-ae62-11e6-f485-4cbca15a3239,,,USER,Present Time Bookend Whale,true,PRESENTBOOKEND
02dcd191-ae62-11e6-f485-4cbca16c8a44,,,USER,Present Time Chalk Board,true,PRESENTCHALKBOA
02dcd191-ae62-11e6-f485-4cbca1800839,,,USER,Present Time Clock Geo Forest,true,PRESENTCLOCKGEO
02dcd191-ae62-11e6-f485-4cbca193bde2,,,USER,Present Time Coat Rack Oh Deer,true,PRESENTHKODEER
02dcd191-ae62-11e6-f485-4cbca1a7291f,,,USER,Present Time Coathanger Cafe W,true,PRESENTCOATHAN
